	age	job	marital	education	default	balance	housing	loan	contact	day	month	duration	campaign	pdays	previous	poutcome	y
41503	30	blue-collar	single	secondary	no	161	no	yes	telephone	8	sep	298	3	-1	0	unknown	yes
41456	35	management	single	tertiary	no	7918	no	no	cellular	7	sep	497	1	-1	0	unknown	yes
12623	36	technician	married	primary	no	0	no	no	unknown	4	jul	584	1	-1	0	unknown	yes
41709	37	blue-collar	married	secondary	no	604	yes	no	cellular	7	oct	371	1	495	1	failure	yes
42127	35	admin.	divorced	secondary	no	1224	yes	no	cellular	3	nov	187	1	-1	0	unknown	yes
21448	37	technician	single	secondary	no	1435	no	no	cellular	18	aug	724	16	-1	0	unknown	yes
44950	32	student	single	secondary	no	1102	no	no	telephone	8	oct	194	1	-1	0	unknown	yes
13807	47	blue-collar	married	secondary	no	182	yes	no	telephone	10	jul	39	1	-1	0	unknown	yes
4140	48	blue-collar	married	primary	no	281	yes	no	unknown	19	may	100	3	-1	0	unknown	no
45133	24	student	single	secondary	no	822	no	no	cellular	27	oct	184	1	91	2	failure	yes
39535	24	student	single	secondary	no	23878	no	no	cellular	26	may	133	1	97	1	success	yes
30886	31	self-employed	single	tertiary	no	1815	no	no	telephone	9	feb	1541	1	-1	0	unknown	yes
41963	77	management	married	unknown	no	1780	yes	no	cellular	23	oct	221	2	183	3	success	yes
42397	36	admin.	divorced	tertiary	no	4708	no	no	cellular	3	dec	284	1	171	1	failure	yes
28491	51	housemaid	married	secondary	no	1270	no	no	cellular	29	jan	208	3	-1	0	unknown	no
10919	48	management	single	tertiary	no	1437	yes	yes	unknown	17	jun	34	2	-1	0	unknown	no
42332	55	technician	divorced	tertiary	no	0	no	no	cellular	17	nov	134	2	91	1	success	yes
33706	74	retired	married	secondary	no	9480	no	no	cellular	21	apr	211	1	-1	0	unknown	yes
23438	58	management	single	tertiary	no	21	no	no	telephone	28	aug	315	19	-1	0	unknown	no
19599	56	technician	married	secondary	no	1093	no	no	cellular	7	aug	89	4	-1	0	unknown	no
11038	38	entrepreneur	married	secondary	no	197	no	no	unknown	17	jun	979	9	-1	0	unknown	no
43035	32	technician	married	secondary	no	484	yes	no	cellular	15	feb	83	6	187	3	success	yes
42750	20	student	single	unknown	no	829	no	no	cellular	27	jan	196	3	202	2	success	yes
42774	36	management	married	tertiary	no	3949	no	no	cellular	28	jan	130	2	-1	0	unknown	yes
43787	52	management	married	tertiary	no	388	no	no	cellular	25	may	272	1	-1	0	unknown	yes
26368	38	self-employed	married	secondary	no	215	yes	no	cellular	20	nov	70	1	167	1	failure	no
34249	48	blue-collar	married	secondary	no	863	yes	no	telephone	4	may	412	5	350	2	success	yes
44321	27	student	single	tertiary	no	311	no	no	cellular	28	jul	462	1	148	4	success	yes
40618	47	technician	married	secondary	no	1167	yes	no	cellular	4	aug	505	1	96	6	success	yes
34440	43	technician	married	secondary	no	994	yes	yes	cellular	5	may	51	1	-1	0	unknown	no
10742	45	management	married	tertiary	no	1847	no	no	unknown	16	jun	77	5	-1	0	unknown	no
28901	30	blue-collar	single	secondary	no	49	no	no	cellular	30	jan	808	2	-1	0	unknown	yes
23826	35	technician	single	secondary	no	3490	yes	no	cellular	29	aug	643	2	-1	0	unknown	yes
13759	30	blue-collar	married	secondary	no	167	yes	no	cellular	10	jul	255	1	-1	0	unknown	yes
8463	40	self-employed	married	primary	no	435	yes	yes	unknown	3	jun	131	5	-1	0	unknown	no
44767	83	retired	divorced	primary	no	4565	no	no	cellular	13	sep	175	2	-1	0	unknown	no
34011	53	management	married	tertiary	no	1624	no	no	cellular	30	apr	284	3	84	3	success	yes
43427	27	technician	single	tertiary	no	-67	yes	no	cellular	6	apr	604	3	236	2	failure	yes
37584	58	services	married	primary	no	2946	yes	no	cellular	14	may	467	1	-1	0	unknown	yes
5511	31	technician	single	tertiary	no	426	yes	no	unknown	23	may	82	7	-1	0	unknown	no
39953	34	unemployed	married	secondary	no	978	no	no	cellular	3	jun	262	2	71	1	success	yes
40658	61	retired	married	tertiary	no	3140	yes	yes	cellular	6	aug	975	4	98	1	unknown	yes
33080	22	student	single	secondary	no	3982	no	no	cellular	20	apr	206	1	-1	0	unknown	yes
941	47	blue-collar	married	secondary	yes	-5	yes	no	unknown	7	may	444	1	-1	0	unknown	no
23183	33	management	married	tertiary	no	0	no	no	cellular	27	aug	181	4	-1	0	unknown	no
32283	51	management	single	tertiary	no	2523	yes	no	cellular	16	apr	150	1	-1	0	unknown	no
43102	23	student	single	secondary	no	381	no	no	cellular	23	feb	696	1	189	2	other	yes
11744	57	technician	married	secondary	no	9689	yes	no	unknown	20	jun	313	1	-1	0	unknown	no
42071	62	management	married	tertiary	no	7458	no	no	cellular	30	oct	212	2	-1	0	unknown	yes
43968	36	management	single	tertiary	no	538	no	no	cellular	23	jun	339	1	183	5	success	yes
3307	53	technician	married	tertiary	no	4323	yes	no	unknown	15	may	58	5	-1	0	unknown	no
43451	35	technician	married	secondary	no	2201	no	no	telephone	12	apr	350	1	-1	0	unknown	yes
30625	43	management	married	tertiary	no	479	yes	no	cellular	6	feb	168	1	254	2	failure	no
4009	43	services	married	secondary	no	3608	yes	no	unknown	16	may	165	6	-1	0	unknown	no
29772	56	blue-collar	married	primary	no	115	no	no	telephone	4	feb	111	1	-1	0	unknown	no
37241	58	retired	single	tertiary	no	1411	yes	no	cellular	13	may	425	2	-1	0	unknown	no
29963	60	retired	divorced	primary	no	2516	no	no	telephone	4	feb	157	1	-1	0	unknown	no
408	38	technician	married	secondary	no	284	yes	no	unknown	6	may	483	1	-1	0	unknown	no
42287	24	student	single	secondary	no	382	no	no	cellular	13	nov	256	2	92	3	failure	yes
3712	40	services	married	secondary	no	446	yes	no	unknown	16	may	1252	1	-1	0	unknown	yes
30501	25	student	single	secondary	no	2354	no	no	cellular	5	feb	226	7	-1	0	unknown	yes
41695	30	technician	single	secondary	no	158	no	no	cellular	6	oct	144	1	-1	0	unknown	yes
40144	59	retired	married	primary	no	0	no	no	cellular	5	jun	493	2	-1	0	unknown	yes
6557	36	services	single	secondary	no	260	yes	no	unknown	27	may	132	8	-1	0	unknown	no
13731	26	blue-collar	single	secondary	no	-29	yes	no	cellular	10	jul	998	4	-1	0	unknown	yes
42399	48	management	married	tertiary	no	1147	no	no	cellular	3	dec	155	1	120	3	success	yes
1651	40	blue-collar	married	secondary	no	1245	yes	no	unknown	9	may	306	1	-1	0	unknown	no
40762	33	admin.	married	secondary	no	95	yes	no	cellular	10	aug	155	1	102	1	success	no
40590	42	management	single	tertiary	no	11008	no	no	cellular	28	jul	822	6	405	1	success	yes
3543	31	technician	single	secondary	no	1819	yes	no	unknown	15	may	226	2	-1	0	unknown	no
8341	42	blue-collar	married	secondary	no	130	no	no	unknown	2	jun	180	3	-1	0	unknown	no
16574	36	blue-collar	married	unknown	no	0	no	no	cellular	24	jul	120	5	-1	0	unknown	no
40718	34	management	married	tertiary	no	0	yes	no	cellular	7	aug	262	1	99	2	success	yes
39009	55	blue-collar	married	secondary	no	3917	yes	no	cellular	18	may	565	1	-1	0	unknown	yes
4979	32	blue-collar	single	secondary	no	2696	yes	no	unknown	21	may	445	1	-1	0	unknown	no
21291	58	blue-collar	married	secondary	no	0	no	no	cellular	18	aug	27	17	-1	0	unknown	no
28908	57	retired	married	secondary	no	523	no	yes	cellular	2	feb	49	6	-1	0	unknown	no
42304	63	management	married	tertiary	no	3115	no	no	cellular	16	nov	432	5	-1	0	unknown	yes
43191	27	student	single	tertiary	no	311	no	no	telephone	2	mar	187	3	322	1	other	yes
39257	32	blue-collar	married	unknown	no	1267	yes	no	cellular	18	may	66	2	-1	0	unknown	no
44338	61	management	married	unknown	no	264	no	no	telephone	29	jul	270	1	178	1	success	yes
43257	44	management	married	unknown	no	282	no	no	cellular	9	mar	700	2	154	3	success	yes
27015	43	management	married	tertiary	no	0	no	no	cellular	21	nov	107	2	-1	0	unknown	no
35231	34	management	divorced	tertiary	no	94	yes	no	cellular	7	may	46	1	-1	0	unknown	no
44756	64	retired	married	primary	no	48	no	no	cellular	9	sep	167	3	92	1	success	yes
922	37	self-employed	married	tertiary	no	444	yes	no	unknown	7	may	401	2	-1	0	unknown	no
27567	46	management	married	secondary	no	149	no	no	cellular	21	nov	1222	2	-1	0	unknown	yes
40506	38	unemployed	married	primary	no	7005	yes	no	cellular	7	jul	370	1	412	1	failure	yes
40127	28	management	single	secondary	no	1633	no	no	cellular	5	jun	275	1	-1	0	unknown	yes
40337	30	technician	single	secondary	no	2567	no	no	cellular	18	jun	813	4	-1	0	unknown	yes
18456	44	management	married	tertiary	no	4460	no	no	telephone	31	jul	168	2	-1	0	unknown	no
31414	77	retired	married	secondary	no	9601	no	no	telephone	27	mar	515	1	-1	0	unknown	yes
38367	60	management	single	tertiary	no	560	no	no	cellular	15	may	730	5	-1	0	unknown	yes
352	34	admin.	married	secondary	no	560	yes	no	unknown	5	may	198	3	-1	0	unknown	no
17591	48	management	married	tertiary	no	717	no	no	telephone	29	jul	139	2	-1	0	unknown	no
24619	41	management	single	tertiary	no	7595	no	no	cellular	17	nov	1121	2	-1	0	unknown	no
16473	45	admin.	married	secondary	no	524	yes	no	cellular	23	jul	808	1	-1	0	unknown	yes
43422	33	self-employed	single	tertiary	no	562	yes	yes	cellular	6	apr	196	1	363	1	failure	yes
31364	30	management	married	tertiary	no	8089	yes	no	cellular	18	mar	232	2	294	2	failure	yes
24941	34	admin.	single	secondary	no	10	no	yes	cellular	18	nov	162	1	173	3	failure	no
9579	54	blue-collar	divorced	secondary	no	218	no	no	unknown	6	jun	514	2	-1	0	unknown	no
8489	27	management	single	secondary	no	178	yes	no	unknown	3	jun	732	2	-1	0	unknown	yes
31836	39	services	married	secondary	no	702	yes	no	cellular	8	apr	303	1	300	1	failure	no
31934	32	blue-collar	married	secondary	no	759	yes	no	cellular	9	apr	317	5	-1	0	unknown	yes
20857	34	technician	married	secondary	no	0	yes	yes	telephone	13	aug	60	2	-1	0	unknown	no
35118	29	management	married	tertiary	no	0	yes	no	cellular	6	may	667	2	-1	0	unknown	yes
41585	26	management	single	tertiary	no	362	no	no	cellular	15	sep	925	1	104	2	success	yes
16530	32	housemaid	single	tertiary	no	93	no	no	cellular	23	jul	495	2	-1	0	unknown	no
36834	37	admin.	single	primary	no	912	yes	no	cellular	12	may	637	3	328	22	other	yes
36171	49	blue-collar	divorced	primary	no	24	yes	no	cellular	11	may	701	1	362	1	success	yes
39436	21	student	single	primary	no	1596	no	no	cellular	25	may	101	2	-1	0	unknown	no
15707	49	management	divorced	tertiary	no	351	yes	no	cellular	21	jul	356	2	-1	0	unknown	no
33565	36	admin.	married	secondary	no	162	yes	yes	cellular	20	apr	340	2	-1	0	unknown	no
29791	32	management	single	tertiary	no	2059	no	no	cellular	4	feb	886	2	-1	0	unknown	no
20627	31	technician	single	tertiary	no	208	no	no	cellular	12	aug	1344	7	-1	0	unknown	yes
38745	34	technician	married	tertiary	no	3743	yes	no	cellular	18	may	722	4	-1	0	unknown	yes
40289	27	admin.	single	tertiary	no	138	no	no	cellular	15	jun	89	2	-1	0	unknown	yes
27574	46	services	divorced	secondary	no	4329	no	no	cellular	21	nov	534	2	-1	0	unknown	yes
41787	35	technician	single	tertiary	no	670	no	no	cellular	13	oct	301	2	-1	0	unknown	yes
41121	62	retired	married	secondary	no	1495	no	no	cellular	17	aug	606	1	196	1	success	yes
26104	35	unemployed	married	secondary	no	759	no	no	cellular	19	nov	556	3	-1	0	unknown	no
1460	34	management	married	secondary	no	487	yes	no	unknown	8	may	442	2	-1	0	unknown	no
31127	39	management	single	tertiary	no	0	yes	no	cellular	18	feb	224	3	-1	0	unknown	yes
41552	47	technician	married	secondary	no	1233	yes	no	unknown	11	sep	91	1	100	2	other	yes
40656	53	management	married	tertiary	no	1624	no	no	cellular	6	aug	107	1	98	6	success	yes
44252	24	admin.	single	secondary	no	1295	no	no	cellular	22	jul	355	2	92	1	success	yes
40438	39	admin.	divorced	secondary	no	19	yes	no	cellular	2	jul	503	2	147	5	success	yes
34308	31	technician	married	secondary	no	4182	yes	no	cellular	4	may	347	2	-1	0	unknown	yes
37169	28	admin.	single	secondary	no	207	yes	no	cellular	13	may	329	1	-1	0	unknown	no
18771	40	admin.	married	secondary	no	341	no	no	cellular	31	jul	1142	5	-1	0	unknown	yes
21761	48	technician	married	secondary	no	606	yes	no	cellular	19	aug	231	4	-1	0	unknown	no
10233	51	entrepreneur	single	tertiary	yes	15	no	no	unknown	11	jun	104	2	-1	0	unknown	no
7629	38	admin.	divorced	secondary	no	661	yes	no	unknown	30	may	160	1	-1	0	unknown	no
45038	43	unemployed	married	tertiary	no	0	no	no	cellular	18	oct	464	1	94	2	success	yes
28075	53	unknown	married	unknown	no	549	no	no	telephone	28	jan	74	2	-1	0	unknown	no
247	40	management	married	tertiary	no	207	yes	no	unknown	5	may	39	1	-1	0	unknown	no
19277	47	technician	married	secondary	no	2480	no	no	cellular	6	aug	763	2	-1	0	unknown	yes
26584	30	management	single	tertiary	no	1456	yes	no	cellular	20	nov	227	1	-1	0	unknown	no
41608	70	retired	married	tertiary	no	44	no	no	cellular	18	sep	1104	2	88	2	other	yes
17642	42	technician	single	tertiary	no	2625	no	no	cellular	29	jul	2516	2	-1	0	unknown	yes
36805	50	management	married	tertiary	no	126	yes	no	cellular	12	may	132	3	-1	0	unknown	no
44273	30	student	single	tertiary	no	3026	no	no	cellular	23	jul	251	1	535	1	failure	yes
43254	34	management	married	tertiary	no	158	no	no	cellular	9	mar	212	3	181	6	success	yes
17870	50	admin.	married	secondary	no	2678	no	no	telephone	30	jul	1011	6	-1	0	unknown	yes
8	58	retired	married	primary	no	121	yes	no	unknown	5	may	50	1	-1	0	unknown	no
32055	62	retired	married	primary	no	1084	no	no	cellular	14	apr	505	1	-1	0	unknown	yes
8166	25	services	single	secondary	no	229	yes	no	unknown	2	jun	214	2	-1	0	unknown	no
44029	35	unemployed	married	secondary	no	978	no	no	cellular	29	jun	660	2	182	6	success	yes
40294	49	management	married	tertiary	no	561	no	no	cellular	15	jun	173	1	-1	0	unknown	yes
38373	32	blue-collar	married	secondary	no	2	yes	no	cellular	15	may	16	9	309	1	failure	no
41802	30	self-employed	single	secondary	no	5223	no	no	cellular	14	oct	404	2	-1	0	unknown	no
42279	61	retired	married	primary	no	2863	no	no	cellular	13	nov	264	1	-1	0	unknown	no
37184	33	management	married	tertiary	no	1064	yes	no	cellular	13	may	562	1	-1	0	unknown	yes
17679	34	technician	single	secondary	no	475	yes	no	cellular	29	jul	538	8	-1	0	unknown	no
21221	32	technician	single	tertiary	no	3818	no	no	cellular	18	aug	100	4	-1	0	unknown	no
32196	35	management	divorced	tertiary	no	26	no	no	cellular	16	apr	78	2	-1	0	unknown	yes
42688	30	management	single	tertiary	no	720	no	no	cellular	15	jan	1265	4	210	4	other	yes
10655	39	services	single	secondary	no	1336	yes	no	unknown	16	jun	358	1	-1	0	unknown	no
35901	39	services	married	secondary	no	800	yes	no	cellular	8	may	241	2	-1	0	unknown	no
38752	39	services	married	secondary	no	117	yes	no	cellular	18	may	1032	2	-1	0	unknown	yes
43310	53	admin.	married	secondary	no	1796	no	no	telephone	16	mar	295	1	91	2	success	yes
38727	38	admin.	married	secondary	no	1949	yes	no	cellular	15	may	157	3	-1	0	unknown	no
36109	30	student	single	secondary	no	948	yes	no	cellular	11	may	150	1	370	2	failure	no
27551	43	technician	married	secondary	no	3288	yes	no	cellular	21	nov	775	3	-1	0	unknown	yes
1832	40	blue-collar	married	secondary	no	10	yes	no	unknown	9	may	1692	2	-1	0	unknown	yes
22728	39	technician	single	tertiary	no	-41	no	yes	cellular	25	aug	40	15	-1	0	unknown	no
33937	44	self-employed	divorced	tertiary	no	1070	yes	no	cellular	30	apr	381	1	160	2	other	yes
38685	23	blue-collar	married	primary	no	531	yes	no	cellular	15	may	509	3	345	9	other	no
21217	48	management	divorced	tertiary	no	869	no	no	cellular	18	aug	48	6	-1	0	unknown	no
25172	38	self-employed	married	tertiary	no	3139	yes	no	cellular	18	nov	177	2	-1	0	unknown	no
28911	43	admin.	married	secondary	no	764	yes	no	cellular	2	feb	118	1	-1	0	unknown	no
36513	30	management	married	secondary	no	0	yes	no	cellular	12	may	756	3	-1	0	unknown	no
14645	60	retired	married	secondary	no	597	no	no	cellular	15	jul	981	1	-1	0	unknown	yes
29314	33	unemployed	single	tertiary	no	617	no	no	cellular	2	feb	620	2	-1	0	unknown	no
30041	44	technician	married	secondary	no	0	no	yes	cellular	4	feb	351	2	-1	0	unknown	no
15095	28	blue-collar	married	secondary	no	379	no	yes	cellular	17	jul	164	1	-1	0	unknown	no
40683	67	management	married	tertiary	no	405	no	no	cellular	7	aug	345	2	-1	0	unknown	yes
21386	48	technician	married	secondary	no	14148	yes	no	cellular	18	aug	85	2	-1	0	unknown	no
24274	57	blue-collar	married	secondary	no	1540	yes	no	cellular	17	nov	564	1	-1	0	unknown	yes
6872	42	management	married	tertiary	no	479	yes	no	unknown	28	may	217	2	-1	0	unknown	no
44931	31	student	single	secondary	no	3511	no	no	cellular	6	oct	311	1	96	1	success	yes
7711	32	blue-collar	married	secondary	no	419	yes	no	unknown	30	may	56	2	-1	0	unknown	no
27338	38	technician	married	secondary	no	1	yes	no	cellular	21	nov	57	5	199	1	success	no
34295	28	management	single	tertiary	no	678	no	yes	cellular	4	may	115	3	-1	0	unknown	no
10525	44	management	married	unknown	no	2982	no	no	unknown	16	jun	55	2	-1	0	unknown	no
12025	41	entrepreneur	divorced	secondary	no	1588	yes	yes	unknown	20	jun	10	8	-1	0	unknown	no
37478	38	blue-collar	divorced	primary	no	0	yes	no	cellular	13	may	531	2	-1	0	unknown	yes
34224	40	blue-collar	married	primary	no	-388	yes	no	cellular	4	may	195	3	340	1	failure	no
21644	46	management	married	tertiary	no	71	yes	no	cellular	19	aug	220	4	-1	0	unknown	no
43637	18	student	single	unknown	no	348	no	no	cellular	5	may	443	4	-1	0	unknown	yes
22813	50	management	married	tertiary	no	1396	no	no	cellular	25	aug	731	6	-1	0	unknown	yes
8049	37	services	married	secondary	no	741	yes	no	unknown	2	jun	88	2	-1	0	unknown	no
26857	41	management	married	tertiary	no	5883	no	no	cellular	20	nov	182	2	-1	0	unknown	no
13513	35	management	single	unknown	no	2361	no	no	cellular	9	jul	90	10	-1	0	unknown	no
18443	51	admin.	divorced	secondary	no	3029	yes	yes	cellular	31	jul	118	2	-1	0	unknown	no
625	31	management	single	tertiary	no	1852	yes	no	unknown	6	may	170	3	-1	0	unknown	no
33823	56	management	divorced	tertiary	no	3287	no	no	cellular	27	apr	497	1	-1	0	unknown	yes
19596	34	housemaid	married	secondary	no	1969	no	no	cellular	7	aug	252	4	-1	0	unknown	no
28997	56	unemployed	married	secondary	no	0	no	no	telephone	2	feb	492	1	-1	0	unknown	yes
29945	60	unemployed	divorced	secondary	no	385	yes	no	cellular	4	feb	80	1	-1	0	unknown	no
15433	49	management	divorced	tertiary	no	169	no	no	cellular	18	jul	141	1	-1	0	unknown	no
1372	43	management	single	tertiary	no	2067	yes	no	unknown	8	may	756	1	-1	0	unknown	yes
33111	32	services	single	secondary	no	808	yes	no	cellular	20	apr	322	1	-1	0	unknown	no
7348	30	admin.	married	secondary	no	873	yes	no	unknown	29	may	792	3	-1	0	unknown	yes
43593	37	management	married	secondary	no	565	no	no	cellular	29	apr	449	1	398	1	success	yes
40222	25	technician	single	tertiary	no	3630	no	no	telephone	9	jun	221	7	-1	0	unknown	yes
15328	35	management	married	tertiary	no	552	yes	yes	cellular	18	jul	222	1	-1	0	unknown	no
38533	34	management	single	tertiary	no	2360	yes	no	cellular	15	may	137	2	176	1	failure	no
32223	42	blue-collar	married	unknown	no	665	yes	no	cellular	16	apr	291	1	332	3	failure	no
21549	60	retired	married	secondary	no	0	no	no	cellular	19	aug	359	4	-1	0	unknown	no
42850	37	admin.	single	secondary	no	728	no	no	cellular	3	feb	129	1	174	2	other	yes
5505	24	blue-collar	single	secondary	no	-286	yes	no	unknown	23	may	327	2	-1	0	unknown	no
15950	42	housemaid	divorced	secondary	no	1406	yes	no	cellular	22	jul	178	1	-1	0	unknown	no
20746	58	retired	married	primary	no	4158	no	no	cellular	13	aug	455	2	-1	0	unknown	yes
22170	30	technician	single	tertiary	no	-970	no	yes	cellular	21	aug	194	2	-1	0	unknown	no
16426	47	technician	single	secondary	no	1101	yes	no	cellular	23	jul	957	3	-1	0	unknown	yes
43785	29	unemployed	single	tertiary	no	70	no	no	cellular	25	may	393	1	-1	0	unknown	yes
18478	51	technician	married	tertiary	no	5059	yes	no	cellular	31	jul	189	2	-1	0	unknown	no
229	53	services	divorced	secondary	no	1467	yes	no	unknown	5	may	124	1	-1	0	unknown	no
14744	35	blue-collar	single	secondary	no	885	yes	no	cellular	15	jul	632	6	-1	0	unknown	yes
16067	41	management	divorced	unknown	no	465	yes	no	cellular	22	jul	1508	1	-1	0	unknown	yes
35312	51	entrepreneur	married	tertiary	no	228	yes	no	cellular	7	may	72	1	-1	0	unknown	no
43013	36	technician	married	tertiary	no	341	no	no	cellular	12	feb	419	2	183	1	success	yes
42364	72	retired	married	secondary	no	1129	no	no	cellular	25	nov	208	1	91	1	success	yes
3516	44	technician	married	secondary	no	185	yes	no	unknown	15	may	194	2	-1	0	unknown	no
24099	43	management	married	secondary	no	107	yes	yes	telephone	28	oct	135	1	-1	0	unknown	yes
5170	34	blue-collar	married	primary	no	336	yes	no	unknown	21	may	713	4	-1	0	unknown	no
35964	36	technician	married	secondary	no	23	yes	no	cellular	8	may	152	2	347	1	failure	no
43552	26	unemployed	single	tertiary	no	77	no	no	cellular	26	apr	175	1	-1	0	unknown	yes
24570	53	self-employed	married	secondary	no	248	no	yes	cellular	17	nov	99	1	126	3	failure	no
6904	48	management	married	secondary	no	99	yes	no	unknown	28	may	344	1	-1	0	unknown	no
44608	57	retired	married	tertiary	no	1269	no	no	cellular	31	aug	1120	1	-1	0	unknown	yes
37816	52	management	divorced	tertiary	no	482	yes	no	cellular	14	may	162	4	365	1	failure	no
15893	35	entrepreneur	married	secondary	no	10	yes	no	cellular	21	jul	314	7	-1	0	unknown	no
17079	30	blue-collar	married	primary	no	-68	yes	no	cellular	25	jul	394	2	-1	0	unknown	no
16900	37	services	married	secondary	no	775	no	yes	cellular	25	jul	1000	1	-1	0	unknown	yes
31953	41	blue-collar	married	secondary	no	-56	yes	no	cellular	13	apr	137	1	333	2	other	no
43383	33	admin.	single	tertiary	no	7608	no	no	cellular	30	mar	238	4	-1	0	unknown	yes
2630	26	management	married	tertiary	no	1531	yes	no	unknown	13	may	129	4	-1	0	unknown	no
44044	49	housemaid	married	primary	no	360	no	no	unknown	30	jun	6	1	-1	0	unknown	no
16527	49	blue-collar	married	primary	no	0	yes	yes	telephone	23	jul	97	6	-1	0	unknown	no
37899	33	technician	married	secondary	no	318	yes	no	cellular	14	may	108	4	342	14	other	no
11924	48	management	divorced	tertiary	no	0	no	no	unknown	20	jun	26	3	-1	0	unknown	no
41596	38	technician	married	secondary	no	4539	no	no	cellular	16	sep	387	1	-1	0	unknown	yes
5523	40	blue-collar	married	secondary	no	395	yes	yes	unknown	23	may	281	1	-1	0	unknown	no
26028	42	management	married	tertiary	no	3713	no	no	cellular	19	nov	709	2	-1	0	unknown	yes
43034	46	management	married	tertiary	no	349	no	no	cellular	15	feb	295	2	616	1	failure	yes
39866	40	unemployed	single	tertiary	no	7968	no	no	cellular	2	jun	596	1	-1	0	unknown	yes
40735	60	management	single	tertiary	no	1034	yes	no	cellular	7	aug	231	3	-1	0	unknown	yes
28932	34	unemployed	married	tertiary	no	181	yes	no	cellular	2	feb	110	1	-1	0	unknown	no
22037	45	admin.	married	secondary	no	236	no	no	cellular	20	aug	703	2	-1	0	unknown	yes
43221	26	student	single	tertiary	no	294	no	no	cellular	5	mar	87	1	91	2	success	yes
1035	52	blue-collar	divorced	primary	no	196	yes	no	unknown	7	may	119	3	-1	0	unknown	no
30202	33	management	married	tertiary	no	741	no	no	cellular	5	feb	283	1	260	1	failure	no
45079	63	retired	single	tertiary	no	791	no	no	cellular	21	oct	212	2	-1	0	unknown	yes
40670	40	management	married	tertiary	no	0	no	no	cellular	6	aug	131	2	98	6	success	yes
27057	49	blue-collar	married	primary	no	512	yes	yes	cellular	21	nov	126	1	-1	0	unknown	no
39572	58	unemployed	married	secondary	no	68	no	no	cellular	26	may	169	2	-1	0	unknown	no
20779	50	self-employed	married	secondary	no	36	no	no	cellular	13	aug	104	10	-1	0	unknown	no
25195	39	entrepreneur	married	secondary	no	11887	no	no	cellular	18	nov	1181	2	-1	0	unknown	yes
22599	37	management	married	tertiary	no	49	no	yes	cellular	22	aug	132	1	-1	0	unknown	no
38728	32	management	single	tertiary	no	6542	yes	no	cellular	15	may	1598	4	175	5	failure	yes
28886	31	management	single	tertiary	no	358	yes	no	cellular	30	jan	68	3	256	51	failure	no
42166	60	technician	married	tertiary	no	6573	yes	no	cellular	6	nov	126	2	87	2	failure	no
41276	69	retired	married	secondary	no	0	no	no	cellular	25	aug	412	2	-1	0	unknown	yes
2661	26	blue-collar	single	secondary	no	-214	yes	no	unknown	13	may	86	4	-1	0	unknown	no
201	48	self-employed	married	tertiary	no	7	yes	no	unknown	5	may	286	1	-1	0	unknown	no
31407	28	admin.	single	secondary	no	1277	no	no	cellular	26	mar	475	1	-1	0	unknown	yes
41278	36	management	married	tertiary	no	255	no	no	cellular	25	aug	242	6	95	4	success	yes
7746	44	technician	married	secondary	no	561	yes	no	unknown	30	may	613	2	-1	0	unknown	no
44667	48	management	married	tertiary	no	1204	no	no	cellular	3	sep	116	2	760	1	other	no
19774	55	retired	married	primary	no	2325	yes	yes	telephone	8	aug	87	7	-1	0	unknown	no
373	25	admin.	single	secondary	no	122	yes	no	unknown	6	may	286	1	-1	0	unknown	no
40474	47	management	married	tertiary	no	4879	no	no	cellular	6	jul	96	3	340	3	failure	no
13337	26	blue-collar	single	primary	no	16	no	yes	cellular	8	jul	249	2	-1	0	unknown	no
31235	34	blue-collar	single	secondary	no	215	no	no	cellular	3	mar	350	3	-1	0	unknown	yes
5803	37	blue-collar	married	secondary	no	125	no	no	unknown	26	may	679	2	-1	0	unknown	yes
36792	57	admin.	single	secondary	no	3551	yes	no	cellular	12	may	458	1	-1	0	unknown	yes
33393	28	technician	single	tertiary	no	387	yes	no	cellular	20	apr	205	1	82	1	failure	yes
2894	41	admin.	married	secondary	no	1309	yes	no	unknown	14	may	568	1	-1	0	unknown	no
31064	53	management	divorced	tertiary	no	2152	no	no	cellular	13	feb	75	3	-1	0	unknown	yes
21307	30	admin.	single	tertiary	no	1535	no	no	cellular	18	aug	67	4	-1	0	unknown	no
20849	53	services	married	secondary	no	6170	no	no	cellular	13	aug	838	4	-1	0	unknown	yes
21309	51	technician	married	secondary	no	2242	no	no	cellular	18	aug	498	3	-1	0	unknown	no
44070	31	student	single	secondary	no	3511	no	no	cellular	2	jul	667	1	-1	0	unknown	yes
2545	37	entrepreneur	divorced	secondary	no	175	yes	yes	unknown	13	may	753	6	-1	0	unknown	yes
27000	39	management	divorced	tertiary	no	1968	no	no	cellular	21	nov	648	1	-1	0	unknown	yes
17648	49	admin.	divorced	secondary	no	63	no	no	cellular	29	jul	435	2	-1	0	unknown	no
7036	22	student	single	secondary	no	489	no	no	unknown	28	may	223	5	-1	0	unknown	no
15931	29	blue-collar	married	secondary	no	2	yes	no	cellular	22	jul	96	1	-1	0	unknown	no
31242	46	management	married	tertiary	no	0	no	no	cellular	3	mar	305	13	-1	0	unknown	yes
21260	51	technician	divorced	secondary	no	2323	yes	yes	cellular	18	aug	151	10	-1	0	unknown	no
31060	26	technician	single	tertiary	no	11862	no	no	cellular	13	feb	119	1	-1	0	unknown	yes
8780	30	services	single	secondary	no	773	yes	yes	unknown	4	jun	29	1	-1	0	unknown	no
44016	45	management	married	unknown	no	2724	no	no	cellular	28	jun	359	2	182	1	success	yes
2547	41	blue-collar	married	primary	no	1135	yes	no	unknown	13	may	265	1	-1	0	unknown	no
42968	36	management	single	tertiary	no	479	no	no	cellular	9	feb	629	2	-1	0	unknown	yes
22606	49	blue-collar	married	primary	no	239	no	no	cellular	22	aug	90	3	-1	0	unknown	no
14305	30	self-employed	single	secondary	no	635	no	yes	cellular	14	jul	209	2	-1	0	unknown	no
7555	40	technician	single	secondary	no	5637	yes	no	unknown	30	may	553	3	-1	0	unknown	yes
12116	38	services	single	secondary	no	1315	no	no	unknown	20	jun	23	12	-1	0	unknown	no
43104	29	student	single	secondary	no	67	no	no	cellular	23	feb	211	1	187	5	success	yes
33389	33	services	married	secondary	no	2184	yes	no	cellular	20	apr	151	1	-1	0	unknown	no
44548	31	management	married	tertiary	no	6980	no	no	cellular	12	aug	157	2	-1	0	unknown	no
27793	30	management	single	tertiary	no	1572	no	no	cellular	28	jan	200	1	-1	0	unknown	no
9337	36	housemaid	married	primary	no	122	no	no	unknown	6	jun	78	1	-1	0	unknown	no
43021	52	management	married	tertiary	no	4675	no	no	cellular	12	feb	181	3	-1	0	unknown	yes
31216	25	student	single	secondary	no	1116	yes	no	cellular	2	mar	170	3	-1	0	unknown	no
38949	57	admin.	married	secondary	no	403	yes	no	cellular	18	may	603	1	340	2	other	yes
4877	32	blue-collar	married	primary	no	323	yes	no	unknown	21	may	530	2	-1	0	unknown	no
32206	36	blue-collar	married	primary	no	453	yes	no	cellular	16	apr	176	1	330	2	failure	no
10497	39	unemployed	married	tertiary	no	11787	no	no	unknown	16	jun	104	4	-1	0	unknown	no
15343	33	blue-collar	married	secondary	no	661	yes	no	cellular	18	jul	968	1	-1	0	unknown	yes
9418	51	housemaid	married	primary	no	1521	no	no	unknown	6	jun	24	1	-1	0	unknown	no
42744	52	services	married	secondary	no	992	yes	no	cellular	27	jan	342	1	92	2	success	yes
11769	57	unemployed	married	secondary	no	468	yes	no	unknown	20	jun	329	1	-1	0	unknown	no
42975	60	retired	married	secondary	no	1853	no	no	cellular	10	feb	234	1	183	1	success	yes
31230	28	management	single	tertiary	no	730	yes	no	cellular	3	mar	631	1	-1	0	unknown	yes
12989	31	housemaid	married	primary	no	-367	yes	yes	telephone	7	jul	352	2	-1	0	unknown	no
9620	36	blue-collar	married	primary	no	0	no	no	unknown	6	jun	149	1	-1	0	unknown	no
23587	47	services	married	unknown	yes	0	no	no	cellular	28	aug	21	22	-1	0	unknown	no
43036	49	services	married	primary	no	1830	yes	no	cellular	15	feb	136	1	-1	0	unknown	yes
21814	47	unemployed	married	primary	no	798	no	no	cellular	20	aug	89	2	-1	0	unknown	no
26850	42	admin.	divorced	secondary	yes	723	no	no	cellular	20	nov	298	2	112	2	other	no
35738	46	blue-collar	married	unknown	no	842	yes	no	telephone	8	may	833	1	-1	0	unknown	yes
33809	31	technician	single	tertiary	no	1081	no	no	cellular	24	apr	202	5	261	2	failure	yes
35872	39	technician	single	secondary	no	1685	yes	no	cellular	8	may	319	1	368	1	failure	no
34381	39	blue-collar	married	secondary	no	261	no	no	cellular	4	may	841	4	-1	0	unknown	yes
44494	40	blue-collar	married	secondary	no	1515	yes	no	cellular	10	aug	503	1	-1	0	unknown	yes
42026	74	retired	married	tertiary	no	1742	no	no	cellular	28	oct	1092	1	-1	0	unknown	no
40609	25	management	single	tertiary	no	219	no	no	cellular	4	aug	576	1	96	1	success	yes
15555	37	technician	married	tertiary	no	-86	yes	no	cellular	21	jul	91	4	-1	0	unknown	no
15823	40	admin.	single	secondary	no	664	no	no	cellular	21	jul	1342	2	-1	0	unknown	yes
36595	31	admin.	married	secondary	no	2	yes	yes	cellular	12	may	703	4	-1	0	unknown	yes
21783	58	blue-collar	married	secondary	no	72	no	no	cellular	19	aug	235	5	-1	0	unknown	no
27221	35	entrepreneur	married	primary	no	0	no	yes	telephone	21	nov	26	10	-1	0	unknown	no
5549	29	management	single	tertiary	no	0	yes	no	unknown	23	may	331	2	-1	0	unknown	no
3744	40	services	married	secondary	no	181	yes	no	unknown	16	may	370	1	-1	0	unknown	no
26985	43	self-employed	married	secondary	no	14144	yes	no	cellular	21	nov	504	1	-1	0	unknown	yes
4811	35	admin.	married	secondary	no	498	yes	no	unknown	21	may	248	1	-1	0	unknown	no
14894	48	housemaid	married	primary	no	-31	yes	no	cellular	16	jul	128	2	-1	0	unknown	no
11848	60	entrepreneur	married	secondary	no	1393	no	no	unknown	20	jun	591	6	-1	0	unknown	no
26514	40	technician	married	secondary	no	4441	yes	no	cellular	20	nov	153	2	183	2	failure	no
3819	37	services	divorced	secondary	no	49	yes	no	unknown	16	may	619	2	-1	0	unknown	yes
37095	38	blue-collar	married	primary	no	1401	no	no	cellular	13	may	516	1	-1	0	unknown	yes
12281	53	blue-collar	married	secondary	no	21522	no	no	unknown	24	jun	146	4	-1	0	unknown	no
43843	28	blue-collar	single	secondary	no	-46	yes	no	cellular	1	jun	154	2	91	12	success	yes
24094	47	management	divorced	tertiary	no	12026	yes	no	telephone	27	oct	251	1	-1	0	unknown	yes
42604	55	admin.	married	secondary	no	1633	no	no	cellular	11	jan	210	1	192	2	success	yes
43516	25	student	single	unknown	no	722	no	no	telephone	21	apr	623	2	-1	0	unknown	yes
33468	31	admin.	married	secondary	no	1262	yes	no	cellular	20	apr	74	2	-1	0	unknown	no
36120	55	management	married	tertiary	no	719	yes	no	telephone	11	may	221	6	284	29	other	no
20745	36	management	divorced	tertiary	no	59	no	no	cellular	13	aug	526	2	-1	0	unknown	yes
41293	64	retired	married	unknown	no	34	no	no	cellular	26	aug	244	2	-1	0	unknown	yes
4035	34	blue-collar	married	primary	no	695	yes	yes	unknown	16	may	1064	4	-1	0	unknown	yes
41703	57	management	divorced	unknown	no	854	no	no	cellular	6	oct	480	1	40	5	success	yes
27024	31	self-employed	married	tertiary	no	5	yes	yes	cellular	21	nov	635	1	135	2	failure	yes
33540	29	blue-collar	divorced	secondary	no	34	yes	no	cellular	20	apr	87	4	-1	0	unknown	no
7886	41	technician	single	secondary	no	568	yes	no	unknown	30	may	72	2	-1	0	unknown	no
19291	40	management	single	tertiary	no	0	no	no	cellular	6	aug	641	6	-1	0	unknown	yes
12869	41	housemaid	married	primary	no	1529	no	no	cellular	7	jul	61	6	-1	0	unknown	no
34176	30	admin.	single	tertiary	no	305	no	no	cellular	30	apr	633	1	85	2	success	yes
30352	42	technician	married	secondary	no	2037	no	yes	cellular	5	feb	135	1	8	1	other	no
33467	37	technician	married	secondary	no	264	yes	yes	cellular	20	apr	414	2	285	1	failure	no
43702	28	technician	single	secondary	no	2335	no	no	cellular	13	may	624	1	-1	0	unknown	yes
42655	35	technician	single	tertiary	no	0	no	no	cellular	14	jan	187	7	-1	0	unknown	yes
43524	62	management	married	tertiary	no	997	no	no	cellular	22	apr	554	1	304	2	success	yes
40350	28	self-employed	single	tertiary	no	442	no	no	cellular	19	jun	474	3	95	3	other	yes
10988	34	technician	single	secondary	no	-269	yes	no	unknown	17	jun	102	3	-1	0	unknown	no
24823	38	entrepreneur	divorced	secondary	no	36	no	no	cellular	18	nov	84	2	-1	0	unknown	no
16653	34	technician	married	secondary	no	1234	yes	no	cellular	24	jul	185	6	-1	0	unknown	no
31188	66	retired	married	secondary	no	995	no	no	cellular	27	feb	131	2	-1	0	unknown	yes
33396	51	blue-collar	married	secondary	no	-237	yes	yes	cellular	20	apr	379	3	320	2	other	no
21397	31	management	single	tertiary	no	11821	no	no	cellular	18	aug	384	11	-1	0	unknown	yes
41291	86	retired	divorced	primary	no	0	no	no	telephone	26	aug	189	1	-1	0	unknown	yes
21702	35	management	married	tertiary	no	86	yes	no	cellular	19	aug	144	3	-1	0	unknown	no
24076	40	management	married	tertiary	no	3352	yes	no	telephone	23	oct	138	1	-1	0	unknown	yes
5151	33	admin.	married	secondary	no	1499	yes	no	unknown	21	may	144	2	-1	0	unknown	no
5546	40	blue-collar	married	primary	no	278	yes	no	unknown	23	may	1015	3	-1	0	unknown	yes
39729	50	management	married	tertiary	no	253	no	no	cellular	28	may	513	9	-1	0	unknown	yes
11520	57	unemployed	married	tertiary	no	209	no	no	unknown	19	jun	453	1	-1	0	unknown	no
9671	36	self-employed	married	secondary	no	1245	yes	no	unknown	6	jun	1469	9	-1	0	unknown	yes
35836	57	management	married	tertiary	no	830	yes	yes	cellular	8	may	662	1	367	1	success	yes
43652	51	technician	married	tertiary	no	0	no	no	cellular	7	may	662	2	66	2	success	yes
35552	31	services	single	secondary	no	1192	yes	no	cellular	7	may	156	2	349	2	other	no
44521	42	management	married	tertiary	no	27696	no	no	cellular	11	aug	370	1	91	7	success	yes
44160	40	management	married	tertiary	no	4539	no	no	cellular	13	jul	256	3	439	1	failure	yes
14544	38	entrepreneur	married	tertiary	no	7752	yes	no	cellular	15	jul	138	4	-1	0	unknown	no
25909	38	blue-collar	married	primary	no	190	yes	no	telephone	19	nov	623	1	175	1	other	yes
42732	56	retired	married	secondary	no	0	no	no	cellular	26	jan	413	2	-1	0	unknown	no
24083	40	technician	divorced	tertiary	no	568	yes	no	unknown	24	oct	112	1	-1	0	unknown	yes
44779	67	retired	married	unknown	no	2540	no	no	telephone	14	sep	279	3	92	9	success	yes
36985	40	blue-collar	married	unknown	no	87	yes	no	cellular	13	may	477	3	-1	0	unknown	yes
43544	45	blue-collar	single	secondary	no	0	yes	no	cellular	26	apr	1472	1	192	4	failure	yes
28098	51	admin.	single	tertiary	no	394	no	no	telephone	28	jan	968	2	-1	0	unknown	yes
36415	31	blue-collar	married	primary	no	240	yes	yes	cellular	11	may	254	2	-1	0	unknown	no
38929	41	admin.	divorced	secondary	no	1967	yes	no	cellular	18	may	115	1	341	1	failure	no
33484	51	entrepreneur	married	tertiary	no	83	no	no	cellular	20	apr	267	2	-1	0	unknown	yes
42140	33	services	married	secondary	no	1697	no	no	cellular	3	nov	179	1	-1	0	unknown	yes
16865	38	services	married	secondary	no	311	no	yes	cellular	25	jul	114	12	-1	0	unknown	no
43897	31	management	single	tertiary	no	147	no	no	cellular	9	jun	163	2	92	3	success	yes
39429	36	management	married	tertiary	no	255	no	no	cellular	22	may	970	2	92	2	other	yes
6739	60	blue-collar	married	primary	no	228	yes	no	unknown	28	may	249	11	-1	0	unknown	no
32494	42	blue-collar	divorced	secondary	no	1118	yes	no	cellular	17	apr	620	1	-1	0	unknown	no
33101	30	services	single	unknown	no	138	yes	no	cellular	20	apr	187	1	-1	0	unknown	no
28689	60	technician	married	tertiary	no	-71	yes	yes	cellular	30	jan	1451	1	-1	0	unknown	yes
897	38	admin.	single	secondary	no	100	yes	no	unknown	7	may	786	1	-1	0	unknown	yes
41497	25	student	single	unknown	no	480	no	no	cellular	8	sep	140	1	-1	0	unknown	yes
39937	38	blue-collar	married	secondary	no	2467	no	no	cellular	2	jun	192	1	-1	0	unknown	yes
6925	31	admin.	single	secondary	no	1306	yes	no	unknown	28	may	217	5	-1	0	unknown	no
33963	59	retired	married	secondary	no	493	no	no	cellular	30	apr	237	1	-1	0	unknown	yes
41260	35	admin.	single	secondary	no	1810	yes	no	cellular	25	aug	52	2	92	2	failure	no
44940	22	admin.	single	secondary	no	372	no	no	cellular	6	oct	218	1	-1	0	unknown	yes
42132	67	retired	divorced	secondary	no	704	no	no	cellular	3	nov	537	1	-1	0	unknown	yes
44140	36	management	married	tertiary	no	93	no	no	cellular	12	jul	262	2	182	7	failure	yes
29626	54	retired	married	secondary	no	1154	yes	no	telephone	3	feb	125	3	-1	0	unknown	no
13425	59	self-employed	married	secondary	no	170	no	no	cellular	9	jul	62	1	-1	0	unknown	no
31325	44	management	married	tertiary	no	423	no	no	cellular	12	mar	2330	5	-1	0	unknown	yes
39212	33	blue-collar	married	secondary	no	139	yes	yes	cellular	18	may	732	2	291	5	failure	yes
26616	41	management	married	tertiary	no	60	yes	no	cellular	20	nov	239	2	-1	0	unknown	no
31310	24	admin.	single	tertiary	no	-61	no	no	cellular	11	mar	95	4	-1	0	unknown	yes
42862	29	technician	married	secondary	no	95	no	yes	cellular	3	feb	172	3	-1	0	unknown	yes
30649	47	retired	divorced	secondary	no	700	yes	no	cellular	6	feb	69	3	-1	0	unknown	no
32614	36	services	divorced	secondary	no	543	yes	no	cellular	17	apr	101	1	269	2	failure	no
26565	38	entrepreneur	married	tertiary	no	1110	yes	no	cellular	20	nov	888	2	183	2	failure	yes
39500	28	admin.	single	secondary	no	707	yes	no	cellular	25	may	226	1	-1	0	unknown	yes
19037	59	housemaid	married	primary	no	100	no	no	cellular	5	aug	1134	1	-1	0	unknown	yes
8601	48	blue-collar	married	secondary	no	-6	yes	no	unknown	3	jun	161	1	-1	0	unknown	no
24526	53	services	divorced	primary	no	200	no	no	cellular	17	nov	182	3	-1	0	unknown	no
44828	34	management	married	tertiary	no	3301	yes	no	cellular	17	sep	164	5	92	6	success	yes
36654	58	blue-collar	single	secondary	no	119	yes	yes	cellular	12	may	985	1	-1	0	unknown	yes
2337	25	blue-collar	single	primary	no	17	yes	no	unknown	13	may	97	2	-1	0	unknown	no
8621	41	management	married	tertiary	no	437	yes	no	unknown	3	jun	14	21	-1	0	unknown	no
6913	51	services	divorced	secondary	no	-245	yes	yes	unknown	28	may	612	2	-1	0	unknown	no
32644	45	technician	divorced	secondary	no	976	yes	no	cellular	17	apr	183	1	338	2	failure	no
43722	75	retired	married	tertiary	no	6027	no	no	cellular	14	may	809	1	179	4	success	yes
42456	34	technician	married	secondary	no	294	yes	no	cellular	9	dec	265	1	184	3	success	yes
21983	60	admin.	married	tertiary	no	1614	no	no	cellular	20	aug	921	6	-1	0	unknown	yes
34950	53	management	divorced	secondary	no	28	yes	no	cellular	6	may	135	2	289	1	failure	no
25569	35	management	divorced	tertiary	no	771	yes	yes	cellular	19	nov	110	1	93	5	failure	no
40266	26	admin.	single	tertiary	no	617	no	no	cellular	15	jun	157	1	-1	0	unknown	no
40166	41	unemployed	single	primary	no	216	no	no	cellular	5	jun	577	3	-1	0	unknown	yes
25204	59	housemaid	single	secondary	no	26172	no	no	cellular	18	nov	54	2	-1	0	unknown	no
32587	30	services	single	secondary	no	595	yes	no	cellular	17	apr	172	1	-1	0	unknown	no
16724	25	student	single	secondary	no	1747	yes	no	cellular	24	jul	903	1	-1	0	unknown	yes
12795	32	self-employed	single	tertiary	no	2559	no	no	cellular	7	jul	889	1	-1	0	unknown	yes
39487	24	blue-collar	single	secondary	no	167	no	yes	cellular	25	may	288	1	96	2	success	yes
42054	50	technician	married	secondary	no	3654	no	no	cellular	29	oct	215	2	78	2	other	yes
40275	25	services	single	secondary	no	505	no	no	cellular	15	jun	284	1	-1	0	unknown	yes
34335	39	management	single	tertiary	no	2454	yes	no	cellular	4	may	716	3	263	2	failure	yes
32317	46	services	married	secondary	no	1550	yes	no	cellular	16	apr	126	2	149	8	failure	no
4847	34	services	married	secondary	no	0	yes	no	unknown	21	may	872	5	-1	0	unknown	no
18172	46	entrepreneur	married	secondary	no	4000	no	no	cellular	30	jul	251	3	-1	0	unknown	no
44102	80	retired	married	secondary	no	668	no	no	telephone	8	jul	250	1	371	1	success	yes
33770	35	management	married	tertiary	no	8	no	no	cellular	23	apr	93	3	-1	0	unknown	yes
20122	48	blue-collar	married	primary	no	476	no	no	cellular	11	aug	856	3	-1	0	unknown	yes
9589	55	entrepreneur	divorced	tertiary	no	0	no	no	unknown	6	jun	108	2	-1	0	unknown	no
26	39	management	single	tertiary	no	255	yes	no	unknown	5	may	296	1	-1	0	unknown	no
24179	57	blue-collar	married	unknown	no	3585	no	no	telephone	14	nov	172	1	-1	0	unknown	yes
4948	36	blue-collar	married	primary	no	599	yes	no	unknown	21	may	649	2	-1	0	unknown	yes
36617	35	blue-collar	married	primary	no	159	yes	yes	cellular	12	may	826	1	-1	0	unknown	yes
39456	29	technician	single	secondary	no	590	no	no	cellular	25	may	124	1	-1	0	unknown	yes
39116	30	blue-collar	married	primary	no	-5	yes	no	cellular	18	may	518	2	-1	0	unknown	no
30521	37	management	married	tertiary	no	21	yes	no	cellular	5	feb	89	2	252	2	failure	no
3506	56	housemaid	divorced	secondary	no	0	no	no	unknown	15	may	103	1	-1	0	unknown	no
41913	53	housemaid	married	primary	no	2581	no	no	cellular	21	oct	828	1	189	1	failure	yes
29857	43	self-employed	divorced	secondary	no	1187	yes	no	cellular	4	feb	80	2	-1	0	unknown	no
3832	46	blue-collar	married	primary	no	2499	yes	no	unknown	16	may	42	3	-1	0	unknown	no
42489	57	technician	married	primary	no	592	no	yes	telephone	14	dec	88	6	193	5	other	no
1262	33	services	divorced	secondary	no	411	yes	no	unknown	8	may	216	1	-1	0	unknown	no
14790	57	entrepreneur	married	tertiary	no	7699	no	yes	cellular	16	jul	178	1	-1	0	unknown	no
43079	22	student	single	unknown	no	1215	no	no	cellular	19	feb	145	3	192	1	failure	yes
3314	49	admin.	single	secondary	no	716	yes	no	unknown	15	may	1257	3	-1	0	unknown	yes
41547	56	admin.	single	secondary	no	2815	yes	no	cellular	11	sep	212	1	-1	0	unknown	yes
4099	52	technician	married	secondary	no	1781	yes	no	unknown	19	may	144	2	-1	0	unknown	no
17742	57	management	married	tertiary	no	1602	no	no	cellular	29	jul	339	3	-1	0	unknown	no
42763	36	student	single	tertiary	no	129	no	no	cellular	28	jan	918	1	93	1	success	yes
34151	32	management	single	tertiary	no	0	yes	no	cellular	30	apr	370	3	-1	0	unknown	yes
29981	32	blue-collar	married	secondary	no	557	yes	yes	cellular	4	feb	210	2	253	1	failure	no
21791	33	management	married	tertiary	no	1412	yes	no	unknown	19	aug	480	1	-1	0	unknown	yes
42424	39	management	married	tertiary	no	481	no	no	cellular	7	dec	929	5	189	1	other	yes
27995	43	blue-collar	married	secondary	no	1035	no	no	cellular	28	jan	122	1	-1	0	unknown	no
42207	32	management	single	tertiary	no	2134	no	no	cellular	10	nov	98	2	-1	0	unknown	no
2793	43	entrepreneur	married	secondary	no	1516	yes	no	unknown	14	may	318	1	-1	0	unknown	no
41340	39	blue-collar	single	primary	no	24277	no	no	cellular	28	aug	261	1	-1	0	unknown	yes
9143	47	blue-collar	married	secondary	no	1996	no	no	unknown	5	jun	761	2	-1	0	unknown	yes
36869	31	technician	married	secondary	no	465	yes	no	cellular	12	may	259	3	-1	0	unknown	no
35026	29	admin.	single	secondary	no	27	yes	no	cellular	6	may	754	1	-1	0	unknown	yes
39736	35	admin.	single	tertiary	no	777	no	yes	cellular	28	may	85	1	-1	0	unknown	no
34080	47	technician	married	tertiary	no	2408	no	no	cellular	30	apr	376	1	-1	0	unknown	yes
15422	31	management	married	tertiary	no	1720	yes	yes	cellular	18	jul	104	1	-1	0	unknown	no
2897	48	blue-collar	married	secondary	no	1596	yes	no	unknown	14	may	760	1	-1	0	unknown	yes
22605	60	blue-collar	married	primary	no	0	no	no	cellular	22	aug	195	1	-1	0	unknown	no
14882	29	blue-collar	married	secondary	no	2870	yes	no	cellular	16	jul	988	1	-1	0	unknown	yes
10382	38	services	married	secondary	no	309	no	no	unknown	12	jun	160	2	-1	0	unknown	no
13205	52	blue-collar	single	secondary	no	288	yes	no	cellular	8	jul	159	2	-1	0	unknown	no
43700	48	blue-collar	married	secondary	no	1230	yes	no	cellular	13	may	328	2	182	3	success	yes
7611	36	blue-collar	single	secondary	no	366	yes	yes	unknown	30	may	1133	2	-1	0	unknown	yes
16613	25	technician	single	secondary	no	945	yes	no	cellular	24	jul	561	4	-1	0	unknown	no
28244	37	unemployed	single	secondary	no	443	no	no	cellular	29	jan	1600	1	-1	0	unknown	yes
29074	36	management	married	tertiary	no	763	no	no	cellular	2	feb	50	1	-1	0	unknown	no
2484	45	management	married	tertiary	no	849	no	no	unknown	13	may	60	1	-1	0	unknown	no
7632	37	management	divorced	secondary	no	16	yes	no	unknown	30	may	638	1	-1	0	unknown	yes
29947	24	admin.	single	secondary	no	99	no	no	cellular	4	feb	56	3	-1	0	unknown	no
26547	33	blue-collar	married	secondary	no	3605	yes	no	cellular	20	nov	308	1	-1	0	unknown	no
34214	34	management	single	tertiary	no	14	yes	no	telephone	4	may	47	1	-1	0	unknown	no
35389	44	services	married	primary	no	3	yes	no	cellular	7	may	228	1	-1	0	unknown	no
42513	57	management	divorced	unknown	no	2986	no	no	cellular	17	dec	222	2	231	1	failure	yes
32170	59	blue-collar	married	primary	no	3302	no	no	telephone	15	apr	85	2	-1	0	unknown	no
35821	33	admin.	divorced	secondary	no	294	yes	no	cellular	8	may	763	1	-1	0	unknown	yes
43302	51	blue-collar	married	primary	no	3844	no	no	cellular	15	mar	195	2	215	1	other	no
38726	35	management	married	tertiary	yes	-10	yes	no	cellular	15	may	168	2	364	1	other	no
2629	41	blue-collar	divorced	secondary	no	14	yes	yes	unknown	13	may	65	6	-1	0	unknown	no
10923	60	housemaid	married	primary	no	352	no	yes	unknown	17	jun	81	2	-1	0	unknown	no
14486	43	self-employed	married	secondary	no	274	no	no	cellular	14	jul	335	4	-1	0	unknown	no
16406	35	management	married	secondary	yes	-550	no	yes	cellular	23	jul	874	3	-1	0	unknown	no
7005	26	services	married	secondary	no	33	yes	no	unknown	28	may	51	4	-1	0	unknown	no
39184	36	blue-collar	married	primary	no	106	yes	no	cellular	18	may	31	6	-1	0	unknown	no
31132	32	technician	single	tertiary	no	2340	no	no	cellular	18	feb	89	2	-1	0	unknown	yes
31198	38	technician	married	secondary	no	5115	yes	no	cellular	27	feb	99	1	102	6	success	yes
21858	40	admin.	single	tertiary	no	27	no	no	cellular	20	aug	467	2	-1	0	unknown	yes
25132	32	services	single	secondary	no	2251	yes	yes	cellular	18	nov	131	1	124	1	failure	no
8787	23	blue-collar	single	secondary	no	492	yes	no	unknown	4	jun	638	1	-1	0	unknown	yes
42878	54	admin.	divorced	secondary	no	0	yes	yes	cellular	4	feb	330	1	182	3	success	no
14702	54	retired	divorced	secondary	no	13	yes	no	cellular	15	jul	197	2	-1	0	unknown	no
27396	30	admin.	married	secondary	no	4457	yes	no	cellular	21	nov	566	4	-1	0	unknown	yes
8039	32	services	married	secondary	no	109	yes	no	unknown	2	jun	364	13	-1	0	unknown	no
33720	45	unknown	divorced	unknown	no	0	no	no	cellular	21	apr	278	3	-1	0	unknown	yes
5064	35	management	married	tertiary	no	1631	yes	no	unknown	21	may	83	2	-1	0	unknown	no
45035	47	admin.	married	secondary	no	3676	no	no	cellular	18	oct	567	1	95	3	success	yes
42186	45	management	married	tertiary	no	160	no	no	cellular	10	nov	182	2	194	1	success	yes
37349	30	student	single	tertiary	no	228	yes	no	cellular	13	may	314	2	-1	0	unknown	yes
13272	56	blue-collar	single	secondary	no	663	no	yes	cellular	8	jul	819	3	-1	0	unknown	yes
16471	27	technician	married	secondary	no	-392	yes	no	cellular	23	jul	228	2	-1	0	unknown	yes
11146	27	admin.	married	secondary	no	-97	yes	no	unknown	18	jun	1528	2	-1	0	unknown	yes
36173	40	services	married	secondary	no	-192	yes	no	cellular	11	may	666	1	-1	0	unknown	yes
20309	48	technician	divorced	secondary	no	353	no	no	cellular	11	aug	132	1	-1	0	unknown	no
28041	45	management	married	secondary	no	672	yes	no	telephone	28	jan	227	3	187	1	other	no
41185	34	self-employed	single	tertiary	no	9962	no	no	cellular	20	aug	474	1	-1	0	unknown	yes
28114	42	services	married	unknown	no	177	no	no	telephone	28	jan	258	4	-1	0	unknown	no
44448	41	management	married	tertiary	no	1092	no	no	cellular	5	aug	736	1	-1	0	unknown	yes
18701	39	blue-collar	single	primary	no	554	no	no	telephone	31	jul	22	5	-1	0	unknown	no
34529	33	admin.	married	secondary	no	30	yes	no	telephone	5	may	125	2	-1	0	unknown	no
3378	41	admin.	married	primary	no	-306	yes	no	unknown	15	may	500	1	-1	0	unknown	yes
41295	42	management	married	tertiary	no	294	no	no	cellular	26	aug	513	1	-1	0	unknown	yes
13886	31	blue-collar	married	primary	no	2	yes	yes	cellular	10	jul	112	1	-1	0	unknown	no
44807	33	blue-collar	single	primary	no	611	no	no	telephone	16	sep	390	2	-1	0	unknown	yes
961	57	retired	married	tertiary	no	906	yes	no	unknown	7	may	117	1	-1	0	unknown	no
41081	32	management	single	tertiary	no	12607	no	no	cellular	14	aug	203	5	84	1	failure	no
41148	34	management	single	tertiary	no	5	no	no	cellular	18	aug	370	2	-1	0	unknown	yes
34876	32	services	married	secondary	no	509	yes	no	cellular	6	may	473	1	358	2	other	no
42220	35	management	married	tertiary	no	0	yes	no	cellular	11	nov	229	2	96	3	success	yes
27938	54	admin.	married	secondary	yes	-1089	no	yes	cellular	28	jan	105	2	-1	0	unknown	no
27269	45	technician	married	tertiary	no	-525	no	yes	cellular	21	nov	980	2	-1	0	unknown	yes
43192	40	unemployed	single	tertiary	no	7968	no	no	cellular	2	mar	263	2	180	2	success	yes
40674	74	retired	married	unknown	no	7819	no	no	cellular	6	aug	165	3	-1	0	unknown	no
24565	41	self-employed	married	secondary	yes	0	yes	no	cellular	17	nov	789	1	-1	0	unknown	yes
32845	31	blue-collar	single	primary	no	817	yes	no	cellular	17	apr	160	1	-1	0	unknown	no
16920	35	management	divorced	tertiary	no	1723	yes	no	cellular	25	jul	862	1	-1	0	unknown	yes
28309	48	self-employed	married	tertiary	no	0	no	no	cellular	29	jan	1249	3	-1	0	unknown	yes
34009	37	management	married	tertiary	no	630	no	no	cellular	30	apr	315	1	87	1	success	yes
41486	43	blue-collar	married	secondary	no	2160	no	no	cellular	8	sep	261	1	98	1	success	yes
31201	42	services	married	secondary	no	1376	yes	no	cellular	2	mar	712	4	-1	0	unknown	yes
33195	50	unknown	married	primary	no	341	yes	yes	cellular	20	apr	670	4	340	2	success	yes
25247	36	management	married	tertiary	no	549	yes	no	cellular	18	nov	72	2	-1	0	unknown	no
7283	36	management	single	tertiary	no	6450	yes	no	unknown	29	may	101	1	-1	0	unknown	no
4024	60	unemployed	married	primary	no	26	yes	no	unknown	16	may	196	6	-1	0	unknown	no
44187	46	admin.	married	secondary	no	5021	no	no	cellular	15	jul	957	1	182	1	success	yes
33915	42	technician	single	unknown	no	11115	no	no	cellular	30	apr	328	1	-1	0	unknown	yes
33375	40	admin.	single	secondary	no	576	yes	yes	cellular	20	apr	114	3	-1	0	unknown	no
40076	43	management	married	tertiary	no	2987	no	no	cellular	4	jun	156	1	85	3	failure	yes
15522	31	blue-collar	divorced	secondary	no	0	yes	yes	cellular	18	jul	913	4	-1	0	unknown	yes
31575	39	blue-collar	married	secondary	no	1756	yes	no	cellular	3	apr	939	1	-1	0	unknown	yes
13841	56	management	married	tertiary	no	1674	yes	yes	cellular	10	jul	143	1	-1	0	unknown	no
18388	37	technician	single	secondary	no	884	yes	yes	cellular	31	jul	128	2	-1	0	unknown	no
15906	44	management	married	primary	no	4758	yes	no	cellular	22	jul	712	6	-1	0	unknown	yes
1701	26	blue-collar	single	secondary	no	153	yes	no	unknown	9	may	386	1	-1	0	unknown	no
41061	64	retired	married	tertiary	no	846	no	no	cellular	14	aug	107	3	-1	0	unknown	no
41554	73	retired	married	unknown	no	739	no	no	cellular	11	sep	210	1	-1	0	unknown	yes
15853	57	retired	married	primary	no	177	no	yes	cellular	21	jul	91	4	-1	0	unknown	no
20828	39	technician	married	tertiary	no	4373	yes	no	cellular	13	aug	78	6	-1	0	unknown	no
31367	35	admin.	married	secondary	no	2	yes	no	cellular	18	mar	194	1	-1	0	unknown	yes
24173	31	entrepreneur	single	secondary	no	0	no	no	telephone	13	nov	160	1	-1	0	unknown	yes
24849	48	management	married	tertiary	no	2266	no	no	cellular	18	nov	676	1	-1	0	unknown	yes
26596	38	blue-collar	married	secondary	no	0	no	no	cellular	20	nov	266	3	-1	0	unknown	no
43629	41	technician	single	tertiary	no	1646	yes	no	cellular	5	may	258	1	90	7	success	yes
34317	39	management	single	tertiary	no	1515	yes	no	cellular	4	may	815	6	167	6	failure	yes
20017	31	management	single	tertiary	no	2	no	no	cellular	8	aug	848	1	-1	0	unknown	yes
5379	38	blue-collar	married	secondary	no	-40	yes	no	unknown	23	may	227	1	-1	0	unknown	no
15734	47	services	married	secondary	no	1123	no	yes	cellular	21	jul	251	5	-1	0	unknown	no
33786	39	admin.	married	secondary	no	732	no	no	cellular	23	apr	522	4	-1	0	unknown	yes
29333	41	blue-collar	divorced	primary	no	320	yes	no	cellular	2	feb	844	2	252	1	failure	no
21117	30	technician	married	secondary	no	289	yes	no	cellular	14	aug	1184	4	-1	0	unknown	yes
24896	34	technician	single	secondary	no	2729	yes	no	cellular	18	nov	835	1	-1	0	unknown	yes
2871	44	services	single	secondary	no	0	yes	no	unknown	14	may	198	1	-1	0	unknown	no
35084	36	blue-collar	married	secondary	no	4	yes	no	cellular	6	may	544	4	-1	0	unknown	no
10614	51	management	single	secondary	no	1610	yes	no	unknown	16	jun	1248	3	-1	0	unknown	yes
18051	52	self-employed	married	secondary	no	1498	yes	no	cellular	30	jul	1078	11	-1	0	unknown	no
6221	30	management	single	tertiary	no	3773	yes	no	unknown	27	may	99	1	-1	0	unknown	no
3681	39	technician	married	tertiary	no	94	yes	yes	unknown	16	may	813	1	-1	0	unknown	yes
32391	32	services	married	secondary	no	1273	yes	no	cellular	16	apr	1365	2	328	1	failure	yes
42073	41	unemployed	married	tertiary	no	0	no	no	cellular	30	oct	373	3	-1	0	unknown	yes
19841	32	management	divorced	tertiary	no	5550	yes	no	cellular	8	aug	89	4	-1	0	unknown	no
31282	23	management	single	tertiary	no	1506	no	no	cellular	9	mar	131	4	-1	0	unknown	yes
39952	52	technician	married	secondary	no	0	no	no	cellular	2	jun	541	3	-1	0	unknown	yes
8286	42	entrepreneur	married	secondary	no	-480	yes	yes	unknown	2	jun	351	6	-1	0	unknown	no
9774	49	management	divorced	secondary	no	-46	yes	no	unknown	9	jun	1055	10	-1	0	unknown	yes
40070	41	services	married	secondary	no	0	yes	yes	cellular	4	jun	352	2	122	2	failure	yes
43704	29	management	single	tertiary	no	-27	no	no	cellular	13	may	270	1	-1	0	unknown	yes
33790	28	blue-collar	single	tertiary	no	4099	no	no	cellular	23	apr	116	4	-1	0	unknown	yes
31735	36	admin.	divorced	secondary	no	356	yes	no	cellular	7	apr	244	3	313	1	failure	no
44340	69	technician	married	tertiary	no	482	no	no	cellular	29	jul	478	1	267	1	failure	yes
18126	35	management	married	tertiary	no	-468	yes	no	cellular	30	jul	540	8	-1	0	unknown	yes
22742	59	blue-collar	married	primary	no	-546	no	no	cellular	25	aug	1152	6	-1	0	unknown	yes
9804	57	unemployed	married	primary	no	0	no	no	unknown	9	jun	540	1	-1	0	unknown	no
26718	36	blue-collar	single	tertiary	no	3649	yes	no	cellular	20	nov	399	2	156	2	failure	no
40171	28	self-employed	single	tertiary	no	3290	no	no	cellular	5	jun	201	2	-1	0	unknown	yes
44330	31	management	single	tertiary	no	1761	yes	no	telephone	29	jul	332	3	440	3	failure	yes
11254	46	admin.	married	secondary	no	126	no	no	unknown	18	jun	1255	1	-1	0	unknown	yes
41180	22	student	single	tertiary	no	691	no	no	cellular	19	aug	338	1	-1	0	unknown	yes
9368	38	management	married	secondary	no	794	yes	no	unknown	6	jun	50	3	-1	0	unknown	no
40106	29	admin.	single	tertiary	no	261	no	no	cellular	4	jun	66	1	79	19	failure	no
33208	24	blue-collar	married	secondary	no	1222	yes	no	cellular	20	apr	369	1	-1	0	unknown	no
999	33	technician	single	secondary	no	56	no	no	unknown	7	may	236	2	-1	0	unknown	no
23437	33	management	single	tertiary	no	2637	no	no	cellular	28	aug	583	17	-1	0	unknown	yes
43349	43	services	married	secondary	no	774	no	no	cellular	25	mar	101	1	421	1	success	yes
10895	48	blue-collar	married	secondary	no	1562	no	no	unknown	17	jun	50	2	-1	0	unknown	no
26562	33	management	married	tertiary	no	3401	no	no	cellular	20	nov	253	1	-1	0	unknown	yes
42820	60	management	married	unknown	no	264	no	no	telephone	1	feb	265	1	-1	0	unknown	yes
42222	20	student	single	unknown	no	801	no	no	cellular	11	nov	244	2	-1	0	unknown	yes
33638	46	technician	married	unknown	no	605	yes	no	cellular	20	apr	780	2	-1	0	unknown	no
32193	31	management	single	secondary	no	2317	no	no	cellular	16	apr	87	2	-1	0	unknown	no
41793	32	technician	married	tertiary	no	2688	no	no	cellular	14	oct	216	1	57	1	failure	yes
43711	37	management	married	tertiary	no	393	yes	no	cellular	14	may	567	3	275	4	failure	yes
35185	31	management	single	tertiary	no	874	yes	no	cellular	7	may	98	1	170	2	failure	no
42464	57	retired	divorced	primary	no	698	no	no	telephone	9	dec	135	3	191	2	failure	no
35413	34	management	married	tertiary	no	676	no	no	cellular	7	may	156	1	177	1	success	no
34253	39	admin.	married	secondary	no	563	yes	no	cellular	4	may	190	3	-1	0	unknown	no
311	54	technician	married	unknown	no	851	yes	no	unknown	5	may	108	2	-1	0	unknown	no
34230	52	unemployed	married	secondary	no	94	no	no	cellular	4	may	223	9	4	1	success	no
33764	37	technician	married	secondary	no	0	yes	no	cellular	22	apr	1288	3	-1	0	unknown	yes
13914	30	blue-collar	single	secondary	no	1598	yes	no	cellular	10	jul	634	1	-1	0	unknown	yes
25508	53	management	divorced	primary	no	255	no	no	cellular	19	nov	126	1	-1	0	unknown	no
41744	79	retired	divorced	primary	no	79	no	no	cellular	9	oct	1106	2	-1	0	unknown	yes
42449	42	management	married	tertiary	no	254	no	no	cellular	9	dec	288	7	183	4	success	yes
29164	31	technician	single	secondary	no	775	no	no	cellular	2	feb	361	1	-1	0	unknown	no
24717	41	admin.	married	primary	no	611	no	yes	cellular	17	nov	487	1	-1	0	unknown	no
25934	33	admin.	married	unknown	no	2780	no	no	cellular	19	nov	485	1	-1	0	unknown	yes
22701	44	management	divorced	tertiary	no	96	no	no	cellular	25	aug	119	2	-1	0	unknown	no
31385	41	management	single	tertiary	no	120	no	yes	cellular	24	mar	81	1	49	3	other	no
43862	37	admin.	divorced	tertiary	no	4708	no	no	cellular	2	jun	238	1	181	2	success	yes
10157	49	management	married	tertiary	no	64	no	no	unknown	11	jun	586	1	-1	0	unknown	yes
6829	39	unemployed	single	secondary	no	-53	yes	no	unknown	28	may	189	3	-1	0	unknown	no
24511	51	technician	married	unknown	no	-174	yes	yes	cellular	17	nov	348	1	-1	0	unknown	no
39972	34	technician	married	tertiary	no	127	no	no	cellular	3	jun	117	1	-1	0	unknown	yes
12541	35	blue-collar	married	unknown	no	-400	yes	yes	unknown	3	jul	85	1	-1	0	unknown	no
40169	55	management	divorced	tertiary	no	9756	yes	no	cellular	5	jun	103	2	95	1	other	yes
25519	31	blue-collar	single	secondary	no	-366	yes	no	cellular	19	nov	313	1	180	1	other	no
45155	44	entrepreneur	married	tertiary	no	121	no	no	cellular	9	nov	248	1	91	1	success	yes
42710	61	retired	married	secondary	no	86	no	no	cellular	25	jan	639	1	94	1	success	yes
44763	28	management	single	tertiary	no	187	no	no	cellular	10	sep	255	1	93	2	success	yes
8998	40	management	single	tertiary	no	-222	yes	no	unknown	5	jun	221	1	-1	0	unknown	no
41165	25	technician	single	tertiary	no	3411	no	no	cellular	19	aug	225	2	-1	0	unknown	yes
41153	67	retired	divorced	tertiary	no	443	no	no	cellular	18	aug	441	1	-1	0	unknown	yes
32111	32	services	married	secondary	no	1129	yes	no	cellular	15	apr	903	2	341	2	failure	yes
7048	51	entrepreneur	married	unknown	no	606	yes	no	unknown	28	may	560	9	-1	0	unknown	yes
33154	52	services	divorced	secondary	no	1430	yes	no	telephone	20	apr	121	4	-1	0	unknown	no
39665	34	admin.	married	secondary	no	1406	yes	no	cellular	27	may	145	1	-1	0	unknown	yes
32192	56	blue-collar	married	primary	no	3498	no	no	cellular	15	apr	264	2	-1	0	unknown	yes
3284	47	services	married	secondary	no	3216	yes	no	unknown	15	may	451	2	-1	0	unknown	no
13155	28	services	married	secondary	no	510	yes	yes	cellular	8	jul	1767	2	-1	0	unknown	yes
18183	29	blue-collar	married	secondary	no	1175	yes	yes	cellular	30	jul	141	4	-1	0	unknown	no
33929	42	technician	married	unknown	no	1559	no	no	cellular	30	apr	368	1	-1	0	unknown	yes
35594	39	services	single	secondary	no	403	yes	no	cellular	7	may	1262	3	-1	0	unknown	yes
38975	30	blue-collar	single	secondary	no	5909	yes	no	cellular	18	may	420	2	-1	0	unknown	yes
20891	56	technician	divorced	secondary	no	1561	no	no	cellular	13	aug	75	1	-1	0	unknown	no
40383	71	retired	married	tertiary	no	2887	no	no	cellular	30	jun	128	1	-1	0	unknown	yes
44624	34	management	married	tertiary	no	589	no	no	cellular	1	sep	300	1	44	3	other	yes
24755	43	entrepreneur	married	tertiary	no	13342	yes	no	cellular	18	nov	465	1	-1	0	unknown	no
18574	41	management	married	tertiary	yes	-1176	yes	yes	cellular	31	jul	81	1	-1	0	unknown	no
43570	30	management	single	tertiary	no	697	no	no	cellular	28	apr	545	2	181	8	success	yes
13728	52	entrepreneur	married	primary	no	-104	no	yes	cellular	10	jul	124	1	-1	0	unknown	no
24998	54	management	divorced	tertiary	no	2171	yes	yes	telephone	18	nov	1034	1	-1	0	unknown	yes
3671	45	blue-collar	divorced	primary	no	104	yes	no	unknown	16	may	206	4	-1	0	unknown	no
24454	42	blue-collar	married	secondary	no	179	yes	no	cellular	17	nov	96	1	-1	0	unknown	no
37790	42	blue-collar	single	primary	no	177	yes	no	cellular	14	may	174	2	-1	0	unknown	no
38303	23	services	single	unknown	no	15	yes	no	cellular	15	may	76	2	364	2	other	no
4916	37	technician	single	secondary	no	1211	yes	no	unknown	21	may	795	1	-1	0	unknown	yes
39889	42	services	married	secondary	no	1376	yes	no	cellular	2	jun	271	2	92	4	success	yes
28722	28	student	single	secondary	no	69	no	no	cellular	30	jan	532	2	-1	0	unknown	yes
42468	49	management	married	tertiary	no	395	no	no	cellular	10	dec	336	5	-1	0	unknown	yes
6005	59	services	married	secondary	no	-22	yes	no	unknown	26	may	748	3	-1	0	unknown	yes
3294	59	blue-collar	married	primary	no	320	yes	no	unknown	15	may	695	1	-1	0	unknown	yes
41210	20	student	single	secondary	no	215	no	no	cellular	21	aug	228	4	183	1	other	yes
31988	34	technician	single	tertiary	no	925	yes	no	cellular	13	apr	709	1	-1	0	unknown	yes
3881	27	technician	single	tertiary	no	3706	yes	no	unknown	16	may	897	1	-1	0	unknown	yes
44403	68	retired	married	tertiary	no	2812	no	no	cellular	4	aug	651	1	1	7	success	yes
9025	59	retired	married	secondary	no	0	no	no	unknown	5	jun	812	1	-1	0	unknown	yes
11715	48	management	married	tertiary	no	5320	yes	no	unknown	20	jun	792	1	-1	0	unknown	yes
30930	43	unemployed	married	tertiary	no	58	yes	no	cellular	9	feb	48	4	-1	0	unknown	no
45175	38	entrepreneur	single	secondary	no	2543	no	no	cellular	11	nov	357	3	93	5	success	yes
39466	20	student	single	secondary	no	162	no	no	cellular	25	may	106	2	-1	0	unknown	no
42650	80	retired	married	primary	no	1468	no	no	cellular	13	jan	330	3	-1	0	unknown	yes
31331	37	management	single	tertiary	no	33	yes	no	cellular	12	mar	186	1	-1	0	unknown	yes
38972	33	technician	single	tertiary	no	2164	yes	no	cellular	18	may	8	11	-1	0	unknown	no
1303	40	management	married	tertiary	no	121	no	no	unknown	8	may	82	1	-1	0	unknown	no
40241	22	student	single	unknown	no	1	no	no	telephone	15	jun	263	4	-1	0	unknown	no
24126	50	admin.	divorced	secondary	no	237	no	yes	telephone	5	nov	169	1	-1	0	unknown	yes
34337	63	management	married	unknown	no	2352	no	no	telephone	4	may	475	7	-1	0	unknown	yes
40525	39	management	married	tertiary	no	198	no	no	cellular	8	jul	665	1	-1	0	unknown	no
40359	27	self-employed	single	tertiary	no	147	no	no	cellular	22	jun	111	5	-1	0	unknown	no
6270	37	admin.	married	secondary	no	274	yes	no	unknown	27	may	731	3	-1	0	unknown	yes
26438	57	retired	married	secondary	no	3815	no	no	telephone	20	nov	90	2	-1	0	unknown	no
44026	23	services	single	secondary	no	488	no	no	cellular	29	jun	205	1	91	3	success	yes
34074	31	services	single	tertiary	no	620	no	no	cellular	30	apr	214	1	87	1	failure	no
45013	28	self-employed	single	tertiary	no	159	no	no	cellular	14	oct	246	2	420	2	other	yes
41431	37	unemployed	married	unknown	no	4565	no	no	cellular	4	sep	369	1	-1	0	unknown	no
28639	31	management	single	tertiary	no	1724	yes	no	telephone	29	jan	152	2	254	1	failure	no
44406	63	entrepreneur	married	secondary	no	3904	no	no	telephone	4	aug	250	2	187	2	success	yes
14940	32	housemaid	married	primary	no	91	yes	no	cellular	16	jul	110	6	-1	0	unknown	no
42895	48	blue-collar	married	secondary	no	1730	yes	no	cellular	4	feb	489	1	178	2	failure	yes
33024	53	technician	married	secondary	no	5303	yes	no	telephone	17	apr	320	3	180	1	success	yes
32640	38	technician	married	secondary	no	2264	yes	no	cellular	17	apr	204	1	-1	0	unknown	no
43478	26	technician	single	tertiary	no	1066	no	no	cellular	15	apr	200	1	-1	0	unknown	yes
40979	60	retired	married	secondary	no	523	no	no	cellular	13	aug	192	3	-1	0	unknown	yes
35113	40	management	married	tertiary	no	1598	yes	yes	cellular	6	may	1074	4	344	3	failure	yes
13474	49	blue-collar	married	secondary	no	0	no	yes	cellular	9	jul	625	1	-1	0	unknown	yes
31355	37	admin.	single	tertiary	no	1000	yes	no	cellular	17	mar	195	1	-1	0	unknown	yes
44702	26	technician	single	secondary	no	1105	yes	no	cellular	6	sep	415	1	297	3	other	yes
28557	26	services	single	secondary	no	335	no	no	telephone	29	jan	393	2	-1	0	unknown	no
42148	50	management	married	tertiary	no	112	yes	no	cellular	4	nov	70	5	85	5	other	no
12740	42	blue-collar	divorced	secondary	no	3407	no	no	cellular	7	jul	277	2	-1	0	unknown	no
21437	32	housemaid	married	primary	no	2678	no	no	cellular	18	aug	779	9	-1	0	unknown	no
29651	26	student	single	secondary	no	119	no	no	cellular	3	feb	247	3	-1	0	unknown	no
13411	46	management	married	tertiary	no	-591	no	no	cellular	9	jul	126	1	-1	0	unknown	no
39566	51	entrepreneur	married	primary	no	1443	no	no	cellular	26	may	574	1	97	10	success	no
40205	34	technician	married	secondary	no	294	yes	no	cellular	8	jun	301	3	-1	0	unknown	yes
22014	48	blue-collar	married	secondary	no	1143	yes	no	cellular	20	aug	93	3	-1	0	unknown	no
27106	38	management	married	tertiary	no	162	yes	no	cellular	21	nov	143	1	-1	0	unknown	no
2819	40	management	married	tertiary	no	413	yes	no	unknown	14	may	150	1	-1	0	unknown	no
33703	59	technician	married	secondary	no	10925	no	no	cellular	21	apr	100	1	-1	0	unknown	yes
37692	39	technician	single	secondary	no	1355	yes	no	cellular	14	may	1180	1	-1	0	unknown	yes
2615	48	blue-collar	married	secondary	no	705	no	no	unknown	13	may	108	2	-1	0	unknown	no
2499	43	blue-collar	married	unknown	no	-633	yes	yes	unknown	13	may	277	1	-1	0	unknown	no
35287	23	technician	single	secondary	no	4659	yes	no	cellular	7	may	158	1	318	4	failure	no
31135	39	technician	married	secondary	no	2266	no	no	cellular	18	feb	208	4	-1	0	unknown	yes
12073	44	blue-collar	married	primary	no	-312	yes	no	unknown	20	jun	22	3	-1	0	unknown	no
36790	40	management	married	secondary	no	0	yes	no	cellular	12	may	223	4	258	3	failure	no
26955	45	management	divorced	tertiary	no	2096	no	no	cellular	21	nov	127	1	100	2	failure	no
41017	35	admin.	single	tertiary	no	4233	no	no	cellular	13	aug	135	2	-1	0	unknown	no
39361	20	blue-collar	single	secondary	no	76	yes	no	cellular	18	may	639	2	-1	0	unknown	yes
44131	27	management	single	secondary	no	843	no	no	cellular	12	jul	123	2	185	1	success	no
433	40	blue-collar	married	primary	no	46	yes	no	unknown	6	may	119	1	-1	0	unknown	no
31962	31	blue-collar	married	secondary	no	1406	yes	yes	cellular	13	apr	1091	2	-1	0	unknown	yes
44619	28	management	single	tertiary	no	1584	yes	no	cellular	1	sep	222	2	-1	0	unknown	yes
38775	28	technician	single	secondary	no	1589	yes	no	cellular	18	may	359	5	-1	0	unknown	no
7590	38	technician	married	secondary	no	226	yes	no	unknown	30	may	762	3	-1	0	unknown	yes
10278	37	management	single	tertiary	no	8828	no	no	unknown	12	jun	1010	3	-1	0	unknown	yes
45166	41	unemployed	single	tertiary	no	79	no	no	telephone	9	nov	394	1	390	2	success	yes
11127	51	services	divorced	secondary	no	9	no	no	unknown	18	jun	371	2	-1	0	unknown	yes
18217	53	blue-collar	married	secondary	no	2047	no	no	telephone	30	jul	342	6	-1	0	unknown	no
11472	38	retired	single	unknown	no	62	no	no	unknown	19	jun	212	1	-1	0	unknown	no
45046	27	management	single	tertiary	no	107	no	no	cellular	18	oct	767	3	-1	0	unknown	yes
40887	18	student	single	primary	no	608	no	no	cellular	12	aug	267	1	-1	0	unknown	yes
44518	30	student	single	secondary	no	1779	no	no	cellular	11	aug	233	1	433	1	success	yes
44540	48	unemployed	married	secondary	no	926	no	no	cellular	12	aug	504	2	178	10	success	yes
31369	33	housemaid	single	tertiary	no	1107	yes	no	cellular	18	mar	201	1	-1	0	unknown	yes
44056	32	management	single	tertiary	no	12569	no	no	cellular	1	jul	561	2	295	2	success	yes
15458	38	admin.	single	secondary	yes	-61	no	yes	cellular	18	jul	102	2	-1	0	unknown	no
42357	31	management	single	tertiary	no	9421	no	no	cellular	25	nov	372	1	-1	0	unknown	yes
44881	35	admin.	single	secondary	no	303	no	no	cellular	24	sep	173	2	190	10	other	yes
16371	28	blue-collar	single	secondary	no	-403	no	yes	cellular	23	jul	140	2	-1	0	unknown	no
42411	49	management	married	tertiary	no	5887	no	no	cellular	4	dec	439	3	185	5	success	yes
43894	39	blue-collar	married	secondary	no	276	no	no	cellular	9	jun	334	2	-1	0	unknown	yes
34448	31	management	single	tertiary	no	170	yes	yes	cellular	5	may	168	1	265	2	failure	no
40025	40	technician	married	secondary	no	694	yes	no	cellular	3	jun	431	2	119	9	failure	yes
42137	45	housemaid	married	secondary	no	360	no	no	cellular	3	nov	215	1	-1	0	unknown	yes
42540	54	management	divorced	tertiary	no	12018	yes	no	cellular	21	dec	267	2	-1	0	unknown	yes
6801	28	services	single	secondary	no	2954	yes	no	unknown	28	may	149	2	-1	0	unknown	no
2404	34	blue-collar	divorced	secondary	no	383	yes	no	unknown	13	may	2231	1	-1	0	unknown	yes
32041	66	retired	married	secondary	no	3473	no	no	cellular	14	apr	441	2	-1	0	unknown	no
15206	29	technician	married	tertiary	no	1337	yes	no	cellular	17	jul	125	2	-1	0	unknown	no
37019	55	retired	married	secondary	no	918	yes	no	cellular	13	may	87	3	364	1	failure	no
8015	31	blue-collar	married	secondary	no	0	yes	no	unknown	2	jun	245	1	-1	0	unknown	no
41626	52	admin.	married	secondary	no	118	no	no	cellular	25	sep	105	1	-1	0	unknown	no
42029	65	retired	married	primary	no	1004	no	no	cellular	28	oct	371	1	-1	0	unknown	yes
1739	30	blue-collar	married	secondary	no	-2	yes	no	unknown	9	may	136	2	-1	0	unknown	no
28655	29	management	married	tertiary	no	-346	no	no	cellular	29	jan	290	2	-1	0	unknown	no
43970	59	management	married	tertiary	no	5397	no	no	cellular	23	jun	671	3	-1	0	unknown	yes
43902	30	blue-collar	single	secondary	no	799	no	no	unknown	13	jun	674	1	-1	0	unknown	yes
7164	56	blue-collar	married	secondary	no	249	yes	no	unknown	29	may	791	2	-1	0	unknown	yes
44455	21	entrepreneur	single	tertiary	no	2077	no	no	cellular	5	aug	323	1	-1	0	unknown	yes
5044	57	blue-collar	married	primary	no	42	yes	no	unknown	21	may	384	3	-1	0	unknown	no
7659	38	admin.	divorced	secondary	no	19	yes	no	unknown	30	may	604	2	-1	0	unknown	yes
24371	53	admin.	married	secondary	no	1661	yes	yes	cellular	17	nov	85	1	-1	0	unknown	no
11546	59	retired	married	primary	no	1115	no	no	unknown	19	jun	834	1	-1	0	unknown	yes
16234	50	services	single	secondary	no	294	no	no	cellular	23	jul	73	1	-1	0	unknown	no
32112	46	technician	married	secondary	no	2149	yes	no	cellular	15	apr	282	2	-1	0	unknown	yes
40138	57	retired	married	secondary	no	1841	no	no	telephone	5	jun	302	1	-1	0	unknown	yes
437	35	management	single	tertiary	no	560	yes	no	unknown	6	may	181	1	-1	0	unknown	no
15238	27	services	married	secondary	no	0	yes	no	cellular	17	jul	991	5	-1	0	unknown	yes
6627	34	student	single	primary	no	3004	no	no	unknown	28	may	49	3	-1	0	unknown	no
21018	32	technician	single	tertiary	no	1038	no	no	cellular	14	aug	128	4	-1	0	unknown	no
18313	40	admin.	single	secondary	no	816	no	no	cellular	31	jul	114	8	-1	0	unknown	no
5470	45	blue-collar	divorced	primary	no	-311	yes	no	unknown	23	may	1030	1	-1	0	unknown	yes
7765	39	unemployed	single	secondary	no	356	yes	no	unknown	30	may	462	2	-1	0	unknown	no
15626	29	blue-collar	married	primary	no	5	yes	yes	telephone	21	jul	53	1	-1	0	unknown	no
28334	35	technician	single	secondary	no	175	yes	no	cellular	29	jan	219	1	246	1	failure	no
36649	39	services	divorced	secondary	yes	-96	yes	yes	telephone	12	may	38	6	-1	0	unknown	no
14155	55	management	divorced	secondary	no	204	yes	no	cellular	11	jul	1973	2	-1	0	unknown	yes
41221	25	student	single	secondary	no	469	no	no	cellular	21	aug	273	1	86	1	other	yes
42431	45	technician	married	secondary	no	0	yes	no	cellular	7	dec	344	1	-1	0	unknown	yes
15981	37	entrepreneur	married	tertiary	no	2089	yes	no	cellular	22	jul	40	1	-1	0	unknown	no
42496	34	management	married	tertiary	no	2037	no	no	cellular	15	dec	324	2	-1	0	unknown	yes
2912	34	unemployed	single	secondary	no	9	yes	no	unknown	14	may	153	2	-1	0	unknown	no
40965	30	management	married	tertiary	no	802	yes	no	cellular	13	aug	105	1	-1	0	unknown	no
16965	59	retired	married	primary	no	-182	no	yes	cellular	25	jul	153	1	-1	0	unknown	no
43005	60	retired	married	secondary	no	523	no	no	cellular	11	feb	467	1	182	3	success	yes
16903	26	self-employed	married	secondary	yes	254	yes	yes	cellular	25	jul	335	1	-1	0	unknown	no
8681	27	technician	single	secondary	no	3	no	no	unknown	3	jun	68	6	-1	0	unknown	no
41808	39	housemaid	married	tertiary	no	93	no	no	cellular	14	oct	595	2	-1	0	unknown	no
40998	33	services	married	secondary	no	227	yes	yes	cellular	13	aug	477	2	-1	0	unknown	yes
41508	70	retired	married	primary	no	6538	no	no	cellular	9	sep	394	1	-1	0	unknown	yes
41332	34	blue-collar	married	secondary	no	1464	yes	no	cellular	28	aug	207	3	130	5	other	yes
26542	30	admin.	married	secondary	no	1794	no	no	cellular	20	nov	1035	1	-1	0	unknown	yes
41073	23	blue-collar	married	secondary	no	272	no	no	cellular	14	aug	100	2	-1	0	unknown	yes
39452	28	self-employed	single	tertiary	no	2503	no	no	cellular	25	may	426	1	-1	0	unknown	yes
42755	39	admin.	married	secondary	no	0	no	no	cellular	27	jan	366	1	436	10	failure	yes
44219	33	technician	married	secondary	no	183	no	no	cellular	16	jul	457	2	182	3	other	yes
12583	34	blue-collar	married	primary	no	0	no	no	unknown	3	jul	746	4	-1	0	unknown	no
40941	32	technician	single	tertiary	no	1246	yes	no	cellular	12	aug	68	1	104	3	success	no
31380	53	technician	married	secondary	no	10185	no	no	cellular	23	mar	115	1	-1	0	unknown	yes
2024	55	services	married	secondary	no	560	yes	no	unknown	9	may	91	3	-1	0	unknown	no
41391	27	admin.	married	secondary	no	1596	no	no	cellular	1	sep	82	1	-1	0	unknown	yes
44719	28	management	single	tertiary	no	890	yes	no	cellular	7	sep	201	1	-1	0	unknown	yes
24249	49	services	married	secondary	no	1114	no	no	cellular	17	nov	283	1	-1	0	unknown	no
41490	24	technician	single	secondary	no	726	no	no	cellular	8	sep	445	2	-1	0	unknown	yes
41635	77	retired	divorced	secondary	no	0	no	no	cellular	25	sep	210	1	-1	0	unknown	yes
15390	28	admin.	married	secondary	no	17	yes	no	cellular	18	jul	269	1	-1	0	unknown	no
39976	39	admin.	married	secondary	no	150	no	no	cellular	3	jun	296	4	-1	0	unknown	yes
34376	25	student	married	tertiary	no	4923	yes	yes	cellular	4	may	78	4	74	14	failure	no
42460	86	retired	single	secondary	no	614	no	no	telephone	9	dec	595	1	-1	0	unknown	yes
28930	52	management	married	tertiary	no	72	no	no	cellular	2	feb	222	1	-1	0	unknown	no
5057	32	technician	single	tertiary	no	4665	yes	no	unknown	21	may	860	2	-1	0	unknown	yes
45058	36	technician	married	tertiary	no	521	no	no	cellular	20	oct	347	3	-1	0	unknown	yes
41536	53	entrepreneur	married	primary	no	27	yes	no	telephone	10	sep	230	3	-1	0	unknown	yes
33704	35	management	single	tertiary	no	704	no	no	cellular	21	apr	164	1	-1	0	unknown	yes
18584	47	management	single	tertiary	no	1187	no	no	cellular	31	jul	1739	7	-1	0	unknown	no
42315	62	technician	married	secondary	no	135	yes	no	telephone	16	nov	446	13	96	1	other	no
40884	36	management	married	tertiary	no	2987	yes	no	cellular	12	aug	307	1	-1	0	unknown	yes
36841	43	blue-collar	married	primary	no	-98	yes	yes	cellular	12	may	112	2	330	3	other	no
15175	33	self-employed	divorced	secondary	no	1904	yes	no	cellular	17	jul	1584	2	-1	0	unknown	yes
24757	36	self-employed	single	secondary	no	15	no	no	cellular	18	nov	186	2	-1	0	unknown	no
37390	39	blue-collar	single	primary	no	0	yes	yes	cellular	13	may	1975	5	-1	0	unknown	yes
30433	29	blue-collar	single	primary	no	365	yes	yes	cellular	5	feb	72	1	274	2	failure	no
20378	57	blue-collar	married	secondary	no	14093	no	no	cellular	11	aug	231	5	-1	0	unknown	no
3218	48	admin.	divorced	secondary	no	1108	yes	no	unknown	15	may	420	1	-1	0	unknown	no
31908	35	admin.	married	secondary	no	-312	no	no	cellular	9	apr	188	1	-1	0	unknown	no
40942	43	technician	single	secondary	no	451	no	no	cellular	12	aug	289	2	-1	0	unknown	yes
2759	58	blue-collar	married	unknown	no	4871	yes	no	unknown	14	may	133	2	-1	0	unknown	no
45134	70	retired	married	secondary	no	0	no	no	cellular	27	oct	258	1	92	5	success	yes
17133	41	blue-collar	married	secondary	no	1915	yes	no	cellular	25	jul	245	4	-1	0	unknown	no
36599	37	blue-collar	married	primary	no	-106	yes	yes	cellular	12	may	690	1	-1	0	unknown	yes
7145	27	blue-collar	single	secondary	no	2486	yes	no	unknown	29	may	733	1	-1	0	unknown	yes
30538	58	management	married	tertiary	no	3342	no	no	cellular	5	feb	344	5	-1	0	unknown	yes
31301	52	management	married	tertiary	no	31	no	no	cellular	10	mar	135	1	-1	0	unknown	yes
44783	41	admin.	married	secondary	no	3138	no	no	cellular	14	sep	409	1	398	1	failure	yes
17496	47	blue-collar	married	primary	no	292	no	yes	telephone	28	jul	210	3	-1	0	unknown	no
33722	39	admin.	married	tertiary	no	1108	no	no	cellular	21	apr	204	1	-1	0	unknown	yes
10542	42	entrepreneur	single	unknown	no	323	no	no	unknown	16	jun	617	1	-1	0	unknown	yes
8583	38	blue-collar	married	primary	no	0	yes	no	unknown	3	jun	179	2	-1	0	unknown	no
28292	58	retired	divorced	tertiary	no	499	yes	yes	cellular	29	jan	181	1	-1	0	unknown	no
38243	26	blue-collar	single	secondary	no	26	yes	yes	cellular	15	may	899	1	-1	0	unknown	yes
24878	45	blue-collar	single	secondary	no	91	no	yes	cellular	18	nov	149	1	127	2	failure	no
43239	45	student	single	unknown	no	1527	no	no	cellular	8	mar	132	1	-1	0	unknown	yes
23047	41	technician	married	tertiary	no	231	no	no	cellular	26	aug	428	2	-1	0	unknown	yes
27254	30	housemaid	single	secondary	no	358	yes	no	cellular	21	nov	45	2	-1	0	unknown	no
30154	29	technician	married	secondary	no	273	no	no	cellular	4	feb	2775	2	-1	0	unknown	yes
40446	30	unemployed	married	tertiary	no	330	no	no	cellular	3	jul	264	1	80	1	success	yes
28739	36	unemployed	divorced	secondary	no	5	yes	no	cellular	30	jan	169	1	2	2	other	no
16907	57	entrepreneur	married	tertiary	no	1681	no	no	cellular	25	jul	159	1	-1	0	unknown	no
13031	26	entrepreneur	married	secondary	no	-306	no	yes	cellular	8	jul	342	1	-1	0	unknown	no
31413	34	technician	married	secondary	no	390	yes	no	cellular	27	mar	95	2	231	2	failure	yes
16192	27	blue-collar	married	primary	no	300	no	yes	cellular	22	jul	209	2	-1	0	unknown	no
41849	27	management	married	tertiary	no	893	no	no	cellular	16	oct	154	2	-1	0	unknown	yes
35727	40	technician	divorced	secondary	no	-163	yes	no	cellular	8	may	290	1	-1	0	unknown	no
27378	30	student	single	tertiary	no	3300	no	no	cellular	21	nov	1571	1	-1	0	unknown	yes
24651	32	services	single	unknown	no	2378	no	no	cellular	17	nov	1132	2	-1	0	unknown	yes
7426	47	admin.	married	secondary	no	869	yes	no	unknown	29	may	216	2	-1	0	unknown	no
11590	52	retired	divorced	tertiary	no	-309	yes	no	unknown	19	jun	500	2	-1	0	unknown	yes
41681	28	management	single	tertiary	no	6784	no	no	cellular	1	oct	502	1	115	3	other	yes
20227	33	management	single	tertiary	no	1120	no	no	cellular	11	aug	1070	2	-1	0	unknown	yes
29181	60	retired	married	primary	no	174	yes	yes	cellular	2	feb	157	2	252	1	failure	no
44035	32	technician	divorced	tertiary	no	3255	no	no	cellular	29	jun	167	2	-1	0	unknown	yes
39367	37	management	married	tertiary	no	3723	no	no	cellular	22	may	354	1	-1	0	unknown	yes
8893	29	blue-collar	single	primary	no	950	yes	no	unknown	4	jun	135	3	-1	0	unknown	no
19971	60	blue-collar	married	tertiary	no	759	no	no	cellular	8	aug	255	2	-1	0	unknown	no
34148	58	management	married	tertiary	no	4152	yes	no	cellular	30	apr	750	2	164	4	other	yes
17428	57	retired	divorced	primary	no	0	no	no	telephone	28	jul	1037	3	-1	0	unknown	no
42633	49	management	married	tertiary	no	1093	yes	yes	cellular	12	jan	243	2	91	2	success	yes
4821	33	management	married	tertiary	no	3090	yes	no	unknown	21	may	162	1	-1	0	unknown	no
19155	55	technician	married	tertiary	no	169	no	yes	cellular	5	aug	618	2	-1	0	unknown	yes
44869	59	management	married	tertiary	no	5397	no	no	cellular	23	sep	244	1	92	3	success	yes
42804	56	retired	divorced	primary	no	694	no	no	cellular	29	jan	144	1	102	1	other	yes
42791	66	retired	married	tertiary	no	1948	no	no	cellular	28	jan	216	1	91	4	success	yes
40362	30	technician	married	secondary	no	2326	no	no	cellular	22	jun	67	1	108	1	success	no
45010	86	retired	married	primary	no	1255	no	no	cellular	14	oct	192	2	92	4	success	no
42196	57	management	married	secondary	no	2155	no	yes	cellular	10	nov	144	3	91	2	failure	yes
586	55	blue-collar	married	secondary	no	840	yes	no	unknown	6	may	310	2	-1	0	unknown	no
42418	44	admin.	single	secondary	no	733	yes	no	cellular	4	dec	360	2	105	5	success	yes
32963	29	services	single	secondary	no	229	yes	no	cellular	17	apr	273	2	343	1	failure	no
36670	30	services	single	secondary	no	-158	yes	no	cellular	12	may	426	1	370	2	failure	yes
35760	35	management	single	tertiary	no	642	no	no	cellular	8	may	278	1	-1	0	unknown	no
34350	26	technician	single	secondary	no	237	yes	no	cellular	4	may	1091	3	-1	0	unknown	yes
6821	23	technician	single	tertiary	no	1129	yes	no	unknown	28	may	806	1	-1	0	unknown	yes
4296	51	management	married	tertiary	no	642	no	no	unknown	19	may	183	2	-1	0	unknown	no
16692	33	management	divorced	tertiary	no	990	yes	no	cellular	24	jul	1491	2	-1	0	unknown	yes
39549	43	management	married	tertiary	no	79	no	no	cellular	26	may	640	1	-1	0	unknown	yes
40093	31	management	single	tertiary	no	617	no	no	cellular	4	jun	1161	1	97	2	success	yes
33760	25	student	single	secondary	no	8	no	no	cellular	22	apr	107	2	-1	0	unknown	yes
42491	36	management	married	tertiary	no	925	no	no	cellular	14	dec	321	3	189	4	success	yes
6193	33	services	divorced	secondary	no	991	yes	no	unknown	27	may	148	1	-1	0	unknown	no
6751	25	self-employed	single	secondary	no	1242	yes	no	unknown	28	may	615	2	-1	0	unknown	yes
34374	36	services	single	secondary	no	1227	yes	yes	cellular	4	may	775	5	341	3	failure	yes
15903	46	admin.	married	secondary	no	5169	no	no	cellular	22	jul	72	14	-1	0	unknown	no
1503	31	technician	single	tertiary	no	948	yes	no	unknown	8	may	91	2	-1	0	unknown	no
35952	48	technician	married	tertiary	no	443	yes	no	cellular	8	may	235	2	-1	0	unknown	no
38455	52	blue-collar	married	primary	no	2396	yes	no	cellular	15	may	48	7	-1	0	unknown	no
19285	34	blue-collar	married	secondary	no	182	no	no	cellular	6	aug	938	2	-1	0	unknown	yes
43726	46	management	married	tertiary	no	349	no	no	cellular	14	may	466	4	88	3	success	yes
19027	48	services	married	secondary	no	202	yes	no	cellular	5	aug	162	1	-1	0	unknown	no
39419	32	services	single	secondary	no	3993	no	no	cellular	22	may	148	2	-1	0	unknown	yes
7118	42	management	married	tertiary	no	1993	no	no	unknown	29	may	41	1	-1	0	unknown	no
44528	34	technician	single	secondary	no	1313	no	no	cellular	12	aug	176	1	21	6	failure	no
34332	32	blue-collar	single	secondary	no	400	no	no	cellular	4	may	268	3	-1	0	unknown	yes
5327	28	technician	single	tertiary	no	370	yes	no	unknown	23	may	108	5	-1	0	unknown	no
39663	37	admin.	married	secondary	no	1967	no	no	cellular	27	may	242	1	212	1	success	yes
1671	46	technician	married	secondary	no	332	yes	no	unknown	9	may	772	1	-1	0	unknown	yes
17229	38	management	single	tertiary	no	8	yes	no	cellular	28	jul	219	2	-1	0	unknown	no
28420	33	technician	divorced	unknown	no	1279	yes	no	cellular	29	jan	128	1	206	7	other	no
6185	33	blue-collar	married	primary	no	1217	yes	no	unknown	27	may	271	3	-1	0	unknown	no
36692	51	blue-collar	married	secondary	no	518	yes	no	cellular	12	may	918	1	-1	0	unknown	yes
43015	29	technician	single	secondary	no	113	no	no	cellular	12	feb	328	2	183	4	success	yes
22918	41	management	married	tertiary	no	771	yes	no	cellular	26	aug	106	8	-1	0	unknown	no
3193	46	admin.	married	secondary	no	556	yes	yes	unknown	15	may	646	3	-1	0	unknown	yes
40065	29	student	single	secondary	no	1779	no	no	cellular	4	jun	400	1	-1	0	unknown	yes
25940	42	management	single	tertiary	no	515	yes	no	cellular	19	nov	501	2	-1	0	unknown	no
19006	41	technician	married	tertiary	no	515	no	no	cellular	5	aug	837	2	-1	0	unknown	yes
10721	37	management	married	tertiary	no	0	no	no	unknown	16	jun	637	6	-1	0	unknown	yes
8302	37	admin.	divorced	secondary	no	673	yes	no	unknown	2	jun	509	2	-1	0	unknown	no
2865	41	blue-collar	married	secondary	no	2823	yes	no	unknown	14	may	858	1	-1	0	unknown	yes
6718	29	services	married	secondary	no	308	yes	no	unknown	28	may	75	1	-1	0	unknown	no
26456	30	technician	single	secondary	no	4888	yes	no	cellular	20	nov	274	2	-1	0	unknown	no
30391	34	management	single	tertiary	no	84	no	no	cellular	5	feb	231	1	-1	0	unknown	no
4266	45	management	married	tertiary	no	1540	yes	no	unknown	19	may	194	3	-1	0	unknown	no
25611	49	management	married	secondary	no	1623	yes	no	cellular	19	nov	1081	2	-1	0	unknown	yes
44894	72	retired	married	primary	no	4657	no	no	cellular	27	sep	132	4	94	16	other	no
2779	53	technician	divorced	primary	no	1443	yes	no	unknown	14	may	476	1	-1	0	unknown	yes
12552	50	admin.	married	secondary	no	-221	no	yes	unknown	3	jul	90	1	-1	0	unknown	no
2485	48	management	married	tertiary	no	1949	yes	no	unknown	13	may	683	2	-1	0	unknown	yes
11071	36	blue-collar	married	secondary	no	2357	yes	no	unknown	17	jun	228	2	-1	0	unknown	no
34150	61	retired	divorced	secondary	no	927	no	no	cellular	30	apr	427	3	-1	0	unknown	yes
17419	43	housemaid	married	primary	no	59	no	yes	cellular	28	jul	155	2	-1	0	unknown	no
31153	28	management	single	tertiary	no	3611	no	no	cellular	26	feb	141	2	-1	0	unknown	yes
40616	49	management	divorced	tertiary	no	914	no	no	cellular	4	aug	185	1	-1	0	unknown	yes
10663	44	technician	married	secondary	no	0	no	no	unknown	16	jun	78	1	-1	0	unknown	no
34644	25	student	single	secondary	no	293	yes	no	telephone	5	may	170	2	-1	0	unknown	no
31319	44	management	married	tertiary	no	1058	no	no	cellular	11	mar	188	3	-1	0	unknown	yes
15413	31	admin.	single	secondary	no	622	no	no	cellular	18	jul	420	1	-1	0	unknown	yes
38209	31	self-employed	married	tertiary	no	1194	yes	no	cellular	15	may	50	1	-1	0	unknown	no
42099	30	technician	single	secondary	no	846	no	no	cellular	2	nov	75	2	-1	0	unknown	no
42263	45	blue-collar	married	unknown	no	1529	yes	no	cellular	13	nov	181	1	197	1	success	yes
33553	46	blue-collar	married	primary	no	588	yes	no	cellular	20	apr	249	3	237	4	failure	no
13110	58	retired	married	unknown	no	-230	no	yes	cellular	8	jul	133	2	-1	0	unknown	no
39978	31	technician	single	tertiary	no	882	no	no	cellular	3	jun	411	1	-1	0	unknown	yes
42627	28	services	single	secondary	no	168	no	no	cellular	12	jan	387	1	194	1	other	yes
569	28	services	single	secondary	no	5090	yes	no	unknown	6	may	1297	3	-1	0	unknown	yes
36381	34	services	divorced	secondary	no	-240	yes	no	cellular	11	may	247	6	-1	0	unknown	no
23335	49	blue-collar	married	secondary	no	24	no	yes	cellular	27	aug	168	3	-1	0	unknown	no
29449	57	admin.	married	secondary	no	169	no	no	cellular	3	feb	369	1	-1	0	unknown	yes
15710	44	technician	divorced	secondary	no	316	yes	no	cellular	21	jul	163	3	-1	0	unknown	no
40263	26	student	single	tertiary	no	0	no	no	cellular	15	jun	41	2	-1	0	unknown	no
34121	70	technician	married	secondary	no	3020	no	no	telephone	30	apr	56	1	-1	0	unknown	no
27564	33	management	single	tertiary	no	0	yes	yes	cellular	21	nov	330	2	-1	0	unknown	no
12163	42	blue-collar	married	secondary	no	525	yes	no	unknown	20	jun	10	6	-1	0	unknown	no
14799	26	admin.	divorced	secondary	no	1	no	no	cellular	16	jul	92	1	-1	0	unknown	no
5524	60	services	married	secondary	no	-46	no	no	unknown	23	may	132	2	-1	0	unknown	no
27087	34	management	single	tertiary	no	3679	yes	no	cellular	21	nov	146	1	101	1	failure	no
40152	30	technician	single	tertiary	no	0	yes	no	cellular	5	jun	159	2	-1	0	unknown	yes
20143	58	housemaid	divorced	primary	no	3568	no	no	cellular	11	aug	226	2	-1	0	unknown	no
35575	58	entrepreneur	single	tertiary	no	229	yes	no	cellular	7	may	162	7	-1	0	unknown	no
41969	76	retired	married	secondary	no	4112	no	no	telephone	23	oct	282	2	-1	0	unknown	yes
43473	44	services	married	primary	no	2557	yes	no	cellular	14	apr	250	1	181	8	success	yes
21712	56	self-employed	married	unknown	no	0	no	no	cellular	19	aug	130	1	-1	0	unknown	no
42935	30	management	married	tertiary	no	1996	no	no	cellular	8	feb	1133	3	101	1	other	yes
43841	36	technician	married	secondary	no	1368	no	no	cellular	1	jun	516	1	292	5	failure	yes
23221	35	technician	single	secondary	no	344	no	no	cellular	27	aug	519	16	-1	0	unknown	yes
23304	34	technician	married	secondary	no	1057	no	yes	cellular	27	aug	176	10	-1	0	unknown	no
7174	56	admin.	married	secondary	no	1504	yes	no	unknown	29	may	66	2	-1	0	unknown	no
32110	70	retired	divorced	primary	no	275	no	no	cellular	15	apr	82	1	-1	0	unknown	yes
26595	59	technician	divorced	secondary	no	2396	no	no	cellular	20	nov	488	1	-1	0	unknown	yes
32588	43	blue-collar	married	secondary	no	948	yes	no	cellular	17	apr	185	1	336	2	other	no
11922	56	blue-collar	divorced	primary	no	0	no	no	unknown	20	jun	134	10	-1	0	unknown	no
39099	29	self-employed	single	tertiary	no	476	yes	no	cellular	18	may	427	1	-1	0	unknown	yes
43481	30	management	single	tertiary	no	232	no	no	cellular	15	apr	141	1	-1	0	unknown	yes
32160	76	housemaid	divorced	primary	no	1411	no	no	telephone	15	apr	170	3	-1	0	unknown	yes
31264	53	management	married	secondary	no	2693	no	no	cellular	5	mar	90	1	104	1	failure	yes
9824	45	housemaid	married	primary	no	1100	no	no	unknown	9	jun	331	6	-1	0	unknown	no
11964	37	management	single	unknown	no	146	yes	no	unknown	20	jun	16	8	-1	0	unknown	no
9162	38	self-employed	married	unknown	no	10855	no	no	unknown	5	jun	57	2	-1	0	unknown	no
44009	39	technician	single	tertiary	no	393	no	no	cellular	28	jun	325	1	94	1	success	yes
38345	32	entrepreneur	married	tertiary	no	721	yes	no	cellular	15	may	128	1	-1	0	unknown	no
1151	31	admin.	divorced	secondary	no	53	yes	no	unknown	7	may	128	4	-1	0	unknown	no
37570	49	services	married	tertiary	no	411	no	no	telephone	14	may	9	6	-1	0	unknown	no
5973	30	services	married	secondary	no	129	yes	no	unknown	26	may	1446	7	-1	0	unknown	yes
5251	35	self-employed	divorced	tertiary	no	1354	yes	no	unknown	23	may	736	2	-1	0	unknown	yes
4583	32	technician	married	secondary	no	11697	yes	no	unknown	20	may	296	1	-1	0	unknown	no
2148	37	technician	married	secondary	no	183	yes	no	unknown	12	may	194	2	-1	0	unknown	no
22533	59	admin.	married	secondary	no	1575	yes	no	cellular	22	aug	1241	11	-1	0	unknown	yes
41581	32	technician	single	tertiary	no	1855	no	no	cellular	15	sep	126	2	134	1	other	yes
26942	34	admin.	single	tertiary	no	4254	yes	no	cellular	21	nov	714	1	-1	0	unknown	yes
8909	42	admin.	divorced	secondary	no	-172	yes	yes	unknown	4	jun	179	1	-1	0	unknown	no
7546	38	entrepreneur	single	secondary	no	473	yes	yes	unknown	30	may	133	4	-1	0	unknown	no
40799	42	unemployed	married	unknown	no	190	no	no	cellular	11	aug	704	2	-1	0	unknown	yes
31334	30	management	single	tertiary	no	3473	no	no	cellular	12	mar	1209	2	-1	0	unknown	yes
36465	41	blue-collar	married	secondary	no	1236	yes	no	cellular	11	may	911	3	-1	0	unknown	yes
43696	77	retired	married	primary	no	3324	no	no	cellular	13	may	289	1	91	5	success	yes
38082	37	services	married	secondary	no	4954	yes	no	cellular	14	may	290	4	356	3	other	no
15426	40	technician	divorced	secondary	no	700	yes	yes	cellular	18	jul	503	2	-1	0	unknown	no
44517	60	technician	married	secondary	no	116	no	no	cellular	11	aug	329	2	181	8	success	yes
35660	41	admin.	divorced	secondary	no	639	yes	no	cellular	8	may	88	1	-1	0	unknown	no
15612	31	blue-collar	single	secondary	no	-64	no	no	cellular	21	jul	37	1	-1	0	unknown	no
18903	57	blue-collar	married	secondary	no	166	no	no	cellular	4	aug	58	1	-1	0	unknown	no
27748	42	technician	divorced	secondary	no	-593	no	no	cellular	28	jan	69	1	-1	0	unknown	no
36646	43	blue-collar	single	secondary	no	24	no	no	cellular	12	may	68	1	363	1	failure	no
24103	58	management	divorced	tertiary	no	372	no	yes	unknown	29	oct	11	1	-1	0	unknown	yes
11771	40	services	married	secondary	no	5807	yes	no	unknown	20	jun	98	1	-1	0	unknown	no
30153	51	admin.	divorced	tertiary	no	178	yes	no	cellular	4	feb	184	2	-1	0	unknown	no
4313	37	management	divorced	tertiary	no	122	yes	no	unknown	19	may	1622	2	-1	0	unknown	yes
1181	42	blue-collar	married	primary	no	271	yes	no	unknown	8	may	84	4	-1	0	unknown	no
44819	58	management	divorced	unknown	no	2986	no	no	cellular	16	sep	414	1	91	5	other	yes
38180	26	services	married	secondary	no	77	yes	no	cellular	15	may	619	1	340	4	failure	yes
9195	55	admin.	single	secondary	no	533	no	no	unknown	5	jun	40	2	-1	0	unknown	no
39478	28	management	single	tertiary	no	957	no	no	cellular	25	may	915	2	-1	0	unknown	yes
32072	30	unemployed	married	tertiary	no	330	no	no	cellular	14	apr	111	1	-1	0	unknown	yes
19487	39	technician	single	secondary	no	1104	no	no	cellular	7	aug	395	2	-1	0	unknown	yes
8197	50	management	divorced	tertiary	no	5164	yes	no	unknown	2	jun	146	4	-1	0	unknown	no
8017	36	services	married	secondary	no	2984	yes	no	unknown	2	jun	394	1	-1	0	unknown	yes
15032	37	self-employed	married	secondary	yes	0	yes	no	cellular	17	jul	158	1	-1	0	unknown	no
42171	53	admin.	married	secondary	no	10541	no	no	cellular	9	nov	178	1	-1	0	unknown	yes
1255	43	services	divorced	secondary	no	130	yes	no	unknown	8	may	193	1	-1	0	unknown	no
40207	35	blue-collar	married	primary	no	1177	no	no	cellular	8	jun	243	4	-1	0	unknown	yes
27765	26	unemployed	single	tertiary	no	814	no	no	cellular	28	jan	1387	1	-1	0	unknown	yes
26533	30	blue-collar	single	secondary	no	7773	yes	no	cellular	20	nov	705	1	-1	0	unknown	yes
44374	55	technician	married	unknown	no	240	yes	no	cellular	2	aug	108	3	277	1	success	yes
10952	44	housemaid	married	primary	no	3706	no	no	unknown	17	jun	209	3	-1	0	unknown	no
9756	34	housemaid	married	tertiary	no	5011	yes	no	unknown	9	jun	311	2	-1	0	unknown	no
43750	53	technician	married	secondary	no	195	yes	no	cellular	19	may	472	1	90	6	success	yes
